#
# There is insufficient memory for the Java Runtime Environment to continue.
# Native memory allocation (malloc) failed to allocate 1948336 bytes. Error detail: Chunk::new
# Possible reasons:
#   The system is out of physical RAM or swap space
#   This process is running with CompressedOops enabled, and the Java Heap may be blocking the growth of the native heap
# Possible solutions:
#   Reduce memory load on the system
#   Increase physical memory or swap space
#   Check if swap backing store is full
#   Decrease Java heap size (-Xmx/-Xms)
#   Decrease number of Java threads
#   Decrease Java thread stack sizes (-Xss)
#   Set larger code cache with -XX:ReservedCodeCacheSize=
#   JVM is running with Unscaled Compressed Oops mode in which the Java heap is
#     placed in the first 4GB address space. The Java Heap base address is the
#     maximum limit for the native heap growth. Please use -XX:HeapBaseMinAddress
#     to set the Java Heap base and to place the Java Heap above 4GB virtual address.
# This output file may be truncated or incomplete.
#
#  Out of Memory Error (arena.cpp:191), pid=11768, tid=17996
#
# JRE version: OpenJDK Runtime Environment Microsoft-10376486 (17.0.13+11) (build 17.0.13+11-LTS)
# Java VM: OpenJDK 64-Bit Server VM Microsoft-10376486 (17.0.13+11-LTS, mixed mode, sharing, tiered, compressed oops, compressed class ptrs, g1 gc, windows-amd64)
# No core dump will be written. Minidumps are not enabled by default on client versions of Windows
#

---------------  S U M M A R Y ------------

Command Line: -XX:MaxMetaspaceSize=512m --add-opens=java.base/java.util=ALL-UNNAMED --add-opens=java.base/java.lang=ALL-UNNAMED --add-opens=java.base/java.lang.invoke=ALL-UNNAMED --add-opens=java.prefs/java.util.prefs=ALL-UNNAMED --add-opens=java.base/java.nio.charset=ALL-UNNAMED --add-opens=java.base/java.net=ALL-UNNAMED --add-opens=java.base/java.util.concurrent.atomic=ALL-UNNAMED -Xmx2048m -Dfile.encoding=windows-1252 -Duser.country=IN -Duser.language=en -Duser.variant -javaagent:C:\Users\hp\.gradle\wrapper\dists\gradle-8.3-all\6en3ugtfdg5xnpx44z4qbwgas\gradle-8.3\lib\agents\gradle-instrumentation-agent-8.3.jar org.gradle.launcher.daemon.bootstrap.GradleDaemon 8.3

Host: 12th Gen Intel(R) Core(TM) i3-1215U, 8 cores, 7G,  Windows 11 , 64 bit Build 22621 (10.0.22621.4391)
Time: Tue Jan 28 16:43:17 2025 India Standard Time elapsed time: 68.712467 seconds (0d 0h 1m 8s)

---------------  T H R E A D  ---------------

Current thread (0x0000027ef64e48c0):  JavaThread "C2 CompilerThread1" daemon [_thread_in_native, id=17996, stack(0x000000e01ad00000,0x000000e01ae00000)]


Current CompileTask:
C2:  68712 19539       4       org.gradle.internal.snapshot.AbstractIncompleteFileSystemNode::store (43 bytes)

Stack: [0x000000e01ad00000,0x000000e01ae00000]
Native frames: (J=compiled Java code, j=interpreted, Vv=VM code, C=native code)
V  [jvm.dll+0x687fc9]
V  [jvm.dll+0x83eeb8]
V  [jvm.dll+0x840963]
V  [jvm.dll+0x840fd3]
V  [jvm.dll+0x24951f]
V  [jvm.dll+0xad0c4]
V  [jvm.dll+0xad75c]
V  [jvm.dll+0x36aaaf]
V  [jvm.dll+0x335153]
V  [jvm.dll+0x3345ea]
V  [jvm.dll+0x21a748]
V  [jvm.dll+0x219b7f]
V  [jvm.dll+0x1a5506]
V  [jvm.dll+0x22a1ca]
V  [jvm.dll+0x22830b]
V  [jvm.dll+0x7f4708]
V  [jvm.dll+0x7eea6c]
V  [jvm.dll+0x686ea7]
C  [ucrtbase.dll+0x29333]
C  [KERNEL32.DLL+0x1259d]
C  [ntdll.dll+0x5af38]


---------------  P R O C E S S  ---------------

Threads class SMR info:
_java_thread_list=0x0000027ef3b4dbb0, length=147, elements={
0x0000027ed00c1a00, 0x0000027eee239860, 0x0000027eee23a6e0, 0x0000027eee252c70,
0x0000027eee253740, 0x0000027eee256110, 0x0000027eee256ad0, 0x0000027eee258090,
0x0000027eee25cb60, 0x0000027eee25d560, 0x0000027eee224420, 0x0000027eee7332a0,
0x0000027ef4e9c0e0, 0x0000027ef54d1e30, 0x0000027ef490e1e0, 0x0000027ef42f6030,
0x0000027ef579e7e0, 0x0000027ef441a7e0, 0x0000027ef36b9790, 0x0000027ef49629a0,
0x0000027ef4962eb0, 0x0000027ef4961050, 0x0000027ef49638d0, 0x0000027ef4962490,
0x0000027ef4960120, 0x0000027ef4960630, 0x0000027ef4960b40, 0x0000027ef657bbf0,
0x0000027ef65807e0, 0x0000027ef657ee90, 0x0000027ef657acc0, 0x0000027ef657b1d0,
0x0000027ef657fdc0, 0x0000027ef657c610, 0x0000027ef657e470, 0x0000027ef6581c20,
0x0000027ef6582130, 0x0000027ef657f8b0, 0x0000027ef657cb20, 0x0000027ef657d030,
0x0000027ef657e980, 0x0000027ef65802d0, 0x0000027ef657f3a0, 0x0000027ef6581710,
0x0000027ef5962e70, 0x0000027ef5963da0, 0x0000027ef59642b0, 0x0000027ef5961010,
0x0000027ef5963380, 0x0000027ef5961520, 0x0000027ef5963890, 0x0000027ef5961a30,
0x0000027ef5961f40, 0x0000027ef5962450, 0x0000027ef52f6eb0, 0x0000027ef52f73c0,
0x0000027ef52fa660, 0x0000027ef52f78d0, 0x0000027ef52f7de0, 0x0000027ef52f82f0,
0x0000027ef52fa150, 0x0000027ef52f8800, 0x0000027ef52f8d10, 0x0000027ef52f9220,
0x0000027ef52f9730, 0x0000027ef599e050, 0x0000027ef599a390, 0x0000027ef599bce0,
0x0000027ef599c1f0, 0x0000027ef599c700, 0x0000027ef599cc10, 0x0000027ef5999970,
0x0000027ef599d120, 0x0000027ef5998f50, 0x0000027ef59a08d0, 0x0000027ef599d630,
0x0000027ef599db40, 0x0000027ef599a8a0, 0x0000027ef5999e80, 0x0000027ef599e560,
0x0000027ef599ea70, 0x0000027ef599ef80, 0x0000027ef599f490, 0x0000027ef599f9a0,
0x0000027ef5999460, 0x0000027ef599feb0, 0x0000027ef59a03c0, 0x0000027ef599b2c0,
0x0000027ef599b7d0, 0x0000027ef4a82180, 0x0000027ef4a84f10, 0x0000027ef4a83fe0,
0x0000027ef4a82690, 0x0000027ef4a7fe10, 0x0000027ef4a835c0, 0x0000027ef4a82ba0,
0x0000027ef4a81760, 0x0000027ef4a844f0, 0x0000027ef4a86350, 0x0000027ef4a80320,
0x0000027ef4a80d40, 0x0000027ef4a81c70, 0x0000027ef4a84a00, 0x0000027ef4a85420,
0x0000027ef4a86860, 0x0000027ef4961560, 0x0000027ef4961f80, 0x0000027ef8e70c60,
0x0000027ef8e6e8f0, 0x0000027ef8e6fd30, 0x0000027ef8e6ded0, 0x0000027ef8e72ac0,
0x0000027ef8e74410, 0x0000027ef8e74920, 0x0000027ef8e70750, 0x0000027ef8e734e0,
0x0000027ef8e6ee00, 0x0000027ef8e74e30, 0x0000027ef8e725b0, 0x0000027ef8e72fd0,
0x0000027ef8e71680, 0x0000027ef8e73f00, 0x0000027ef8e6d9c0, 0x0000027ef8e6e3e0,
0x0000027ef8e75340, 0x0000027ef8e71b90, 0x0000027ef8e6f820, 0x0000027ef8e720a0,
0x0000027ef4e001f0, 0x0000027ef4dfe8a0, 0x0000027ef4e04de0, 0x0000027ef4dffce0,
0x0000027ef4e05800, 0x0000027ef4e01b40, 0x0000027ef4e02560, 0x0000027ef4e052f0,
0x0000027ef4e03eb0, 0x0000027ef4e03490, 0x0000027ef4e01120, 0x0000027ef4dff2c0,
0x0000027ef4e00700, 0x0000027ef4e043c0, 0x0000027ef4e02a70, 0x0000027ef4e02f80,
0x0000027ef4e05d10, 0x0000027ef64e48c0, 0x0000027efebd4640
}

Java Threads: ( => current thread )
  0x0000027ed00c1a00 JavaThread "main" [_thread_blocked, id=17276, stack(0x000000e010f00000,0x000000e011000000)]
  0x0000027eee239860 JavaThread "Reference Handler" daemon [_thread_blocked, id=5860, stack(0x000000e011600000,0x000000e011700000)]
  0x0000027eee23a6e0 JavaThread "Finalizer" daemon [_thread_blocked, id=13484, stack(0x000000e011700000,0x000000e011800000)]
  0x0000027eee252c70 JavaThread "Signal Dispatcher" daemon [_thread_blocked, id=9992, stack(0x000000e011800000,0x000000e011900000)]
  0x0000027eee253740 JavaThread "Attach Listener" daemon [_thread_blocked, id=4172, stack(0x000000e011900000,0x000000e011a00000)]
  0x0000027eee256110 JavaThread "Service Thread" daemon [_thread_blocked, id=19036, stack(0x000000e011a00000,0x000000e011b00000)]
  0x0000027eee256ad0 JavaThread "Monitor Deflation Thread" daemon [_thread_blocked, id=11804, stack(0x000000e011b00000,0x000000e011c00000)]
  0x0000027eee258090 JavaThread "C2 CompilerThread0" daemon [_thread_in_native, id=18776, stack(0x000000e011c00000,0x000000e011d00000)]
  0x0000027eee25cb60 JavaThread "C1 CompilerThread0" daemon [_thread_blocked, id=19752, stack(0x000000e011d00000,0x000000e011e00000)]
  0x0000027eee25d560 JavaThread "Sweeper thread" daemon [_thread_blocked, id=15864, stack(0x000000e011e00000,0x000000e011f00000)]
  0x0000027eee224420 JavaThread "Common-Cleaner" daemon [_thread_blocked, id=19184, stack(0x000000e011f00000,0x000000e012000000)]
  0x0000027eee7332a0 JavaThread "Notification Thread" daemon [_thread_blocked, id=1336, stack(0x000000e012000000,0x000000e012100000)]
  0x0000027ef4e9c0e0 JavaThread "Daemon health stats" [_thread_blocked, id=19820, stack(0x000000e012800000,0x000000e012900000)]
  0x0000027ef54d1e30 JavaThread "Incoming local TCP Connector on port 54262" [_thread_in_native, id=19344, stack(0x000000e012900000,0x000000e012a00000)]
  0x0000027ef490e1e0 JavaThread "Daemon periodic checks" [_thread_blocked, id=8264, stack(0x000000e012a00000,0x000000e012b00000)]
  0x0000027ef42f6030 JavaThread "Daemon" [_thread_blocked, id=17932, stack(0x000000e012b00000,0x000000e012c00000)]
  0x0000027ef579e7e0 JavaThread "Handler for socket connection from /127.0.0.1:54262 to /127.0.0.1:54263" [_thread_in_native, id=20012, stack(0x000000e012c00000,0x000000e012d00000)]
  0x0000027ef441a7e0 JavaThread "Cancel handler" [_thread_blocked, id=19860, stack(0x000000e012d00000,0x000000e012e00000)]
  0x0000027ef36b9790 JavaThread "Daemon worker" [_thread_blocked, id=19512, stack(0x000000e012e00000,0x000000e012f00000)]
  0x0000027ef49629a0 JavaThread "Asynchronous log dispatcher for DefaultDaemonConnection: socket connection from /127.0.0.1:54262 to /127.0.0.1:54263" [_thread_blocked, id=20396, stack(0x000000e012f00000,0x000000e013000000)]
  0x0000027ef4962eb0 JavaThread "Daemon client event forwarder" [_thread_blocked, id=13912, stack(0x000000e013100000,0x000000e013200000)]
  0x0000027ef4961050 JavaThread "Cache worker for journal cache (C:\Users\hp\.gradle\caches\journal-1)" [_thread_blocked, id=12524, stack(0x000000e013200000,0x000000e013300000)]
  0x0000027ef49638d0 JavaThread "File lock request listener" [_thread_in_native, id=9820, stack(0x000000e013300000,0x000000e013400000)]
  0x0000027ef4962490 JavaThread "Cache worker for file hash cache (C:\Users\hp\.gradle\caches\8.3\fileHashes)" [_thread_blocked, id=8976, stack(0x000000e013400000,0x000000e013500000)]
  0x0000027ef4960120 JavaThread "File watcher server" daemon [_thread_in_native, id=2752, stack(0x000000e013800000,0x000000e013900000)]
  0x0000027ef4960630 JavaThread "File watcher consumer" daemon [_thread_blocked, id=18816, stack(0x000000e013900000,0x000000e013a00000)]
  0x0000027ef4960b40 JavaThread "Cache worker for checksums cache (D:\appinopNew\NLG-main\android\.gradle\8.3\checksums)" [_thread_blocked, id=18548, stack(0x000000e012700000,0x000000e012800000)]
  0x0000027ef657bbf0 JavaThread "Cache worker for file hash cache (D:\appinopNew\NLG-main\android\.gradle\8.3\fileHashes)" [_thread_blocked, id=12912, stack(0x000000e013a00000,0x000000e013b00000)]
  0x0000027ef65807e0 JavaThread "Cache worker for cache directory md-supplier (C:\Users\hp\.gradle\caches\8.3\md-supplier)" [_thread_blocked, id=19644, stack(0x000000e013b00000,0x000000e013c00000)]
  0x0000027ef657ee90 JavaThread "Cache worker for file content cache (C:\Users\hp\.gradle\caches\8.3\fileContent)" [_thread_blocked, id=11940, stack(0x000000e013c00000,0x000000e013d00000)]
  0x0000027ef657acc0 JavaThread "Cache worker for cache directory md-rule (C:\Users\hp\.gradle\caches\8.3\md-rule)" [_thread_blocked, id=2596, stack(0x000000e012200000,0x000000e012300000)]
  0x0000027ef657b1d0 JavaThread "Cache worker for execution history cache (C:\Users\hp\.gradle\caches\8.3\executionHistory)" [_thread_blocked, id=19396, stack(0x000000e013e00000,0x000000e013f00000)]
  0x0000027ef657fdc0 JavaThread "jar transforms" [_thread_blocked, id=17596, stack(0x000000e014100000,0x000000e014200000)]
  0x0000027ef657c610 JavaThread "jar transforms Thread 2" [_thread_blocked, id=2608, stack(0x000000e014200000,0x000000e014300000)]
  0x0000027ef657e470 JavaThread "jar transforms Thread 3" [_thread_blocked, id=15868, stack(0x000000e014300000,0x000000e014400000)]
  0x0000027ef6581c20 JavaThread "jar transforms Thread 4" [_thread_blocked, id=6012, stack(0x000000e014400000,0x000000e014500000)]
  0x0000027ef6582130 JavaThread "File lock release action executor" [_thread_blocked, id=16908, stack(0x000000e013f00000,0x000000e014000000)]
  0x0000027ef657f8b0 JavaThread "Cache worker for kotlin-dsl (C:\Users\hp\.gradle\caches\8.3\kotlin-dsl)" [_thread_blocked, id=11052, stack(0x000000e014600000,0x000000e014700000)]
  0x0000027ef657cb20 JavaThread "jar transforms Thread 5" [_thread_blocked, id=18260, stack(0x000000e014700000,0x000000e014800000)]
  0x0000027ef657d030 JavaThread "jar transforms Thread 6" [_thread_blocked, id=19408, stack(0x000000e014800000,0x000000e014900000)]
  0x0000027ef657e980 JavaThread "Unconstrained build operations" [_thread_blocked, id=15240, stack(0x000000e014500000,0x000000e014600000)]
  0x0000027ef65802d0 JavaThread "Unconstrained build operations Thread 2" [_thread_blocked, id=3156, stack(0x000000e014900000,0x000000e014a00000)]
  0x0000027ef657f3a0 JavaThread "jar transforms Thread 7" [_thread_blocked, id=2316, stack(0x000000e014a00000,0x000000e014b00000)]
  0x0000027ef6581710 JavaThread "jar transforms Thread 8" [_thread_blocked, id=11920, stack(0x000000e014b00000,0x000000e014c00000)]
  0x0000027ef5962e70 JavaThread "Cache worker for dependencies-accessors (D:\appinopNew\NLG-main\android\.gradle\8.3\dependencies-accessors)" [_thread_blocked, id=17460, stack(0x000000e014c00000,0x000000e014d00000)]
  0x0000027ef5963da0 JavaThread "Cache worker for Build Output Cleanup Cache (D:\appinopNew\NLG-main\node_modules\@react-native\gradle-plugin\.gradle\buildOutputCleanup)" [_thread_blocked, id=6908, stack(0x000000e014d00000,0x000000e014e00000)]
  0x0000027ef59642b0 JavaThread "Unconstrained build operations Thread 3" [_thread_blocked, id=1864, stack(0x000000e014e00000,0x000000e014f00000)]
  0x0000027ef5961010 JavaThread "Unconstrained build operations Thread 4" [_thread_blocked, id=3688, stack(0x000000e014f00000,0x000000e015000000)]
  0x0000027ef5963380 JavaThread "Unconstrained build operations Thread 5" [_thread_blocked, id=13684, stack(0x000000e015000000,0x000000e015100000)]
  0x0000027ef5961520 JavaThread "Unconstrained build operations Thread 6" [_thread_blocked, id=15716, stack(0x000000e015100000,0x000000e015200000)]
  0x0000027ef5963890 JavaThread "Unconstrained build operations Thread 7" [_thread_blocked, id=13668, stack(0x000000e015200000,0x000000e015300000)]
  0x0000027ef5961a30 JavaThread "Unconstrained build operations Thread 8" [_thread_blocked, id=13476, stack(0x000000e015300000,0x000000e015400000)]
  0x0000027ef5961f40 JavaThread "Unconstrained build operations Thread 9" [_thread_blocked, id=13648, stack(0x000000e015400000,0x000000e015500000)]
  0x0000027ef5962450 JavaThread "Memory manager" [_thread_blocked, id=15484, stack(0x000000e015500000,0x000000e015600000)]
  0x0000027ef52f6eb0 JavaThread "Cache worker for Build Output Cleanup Cache (D:\appinopNew\NLG-main\android\.gradle\buildOutputCleanup)" [_thread_blocked, id=18884, stack(0x000000e015600000,0x000000e015700000)]
  0x0000027ef52f73c0 JavaThread "ForkJoinPool.commonPool-worker-1" daemon [_thread_blocked, id=19400, stack(0x000000e015700000,0x000000e015800000)]
  0x0000027ef52fa660 JavaThread "ForkJoinPool.commonPool-worker-2" daemon [_thread_blocked, id=18888, stack(0x000000e015800000,0x000000e015900000)]
  0x0000027ef52f78d0 JavaThread "ForkJoinPool.commonPool-worker-3" daemon [_thread_blocked, id=17484, stack(0x000000e015900000,0x000000e015a00000)]
  0x0000027ef52f7de0 JavaThread "ForkJoinPool.commonPool-worker-4" daemon [_thread_blocked, id=11080, stack(0x000000e015a00000,0x000000e015b00000)]
  0x0000027ef52f82f0 JavaThread "ForkJoinPool.commonPool-worker-5" daemon [_thread_blocked, id=18032, stack(0x000000e015b00000,0x000000e015c00000)]
  0x0000027ef52fa150 JavaThread "ForkJoinPool.commonPool-worker-6" daemon [_thread_blocked, id=18368, stack(0x000000e015c00000,0x000000e015d00000)]
  0x0000027ef52f8800 JavaThread "ForkJoinPool.commonPool-worker-7" daemon [_thread_blocked, id=12768, stack(0x000000e015d00000,0x000000e015e00000)]
  0x0000027ef52f8d10 JavaThread "Exec process" daemon [_thread_blocked, id=7348, stack(0x000000e015e00000,0x000000e015f00000)]
  0x0000027ef52f9220 JavaThread "Exec process Thread 2" daemon [_thread_blocked, id=19848, stack(0x000000e015f00000,0x000000e016000000)]
  0x0000027ef52f9730 JavaThread "Exec process Thread 3" daemon [_thread_blocked, id=16864, stack(0x000000e016000000,0x000000e016100000)]
  0x0000027ef599e050 JavaThread "included builds" [_thread_blocked, id=19952, stack(0x000000e016100000,0x000000e016200000)]
  0x0000027ef599a390 JavaThread "Execution worker" [_thread_blocked, id=17804, stack(0x000000e016200000,0x000000e016300000)]
  0x0000027ef599bce0 JavaThread "Execution worker Thread 2" [_thread_blocked, id=19496, stack(0x000000e016300000,0x000000e016400000)]
  0x0000027ef599c1f0 JavaThread "Execution worker Thread 3" [_thread_blocked, id=16132, stack(0x000000e016400000,0x000000e016500000)]
  0x0000027ef599c700 JavaThread "Execution worker Thread 4" [_thread_blocked, id=120, stack(0x000000e016500000,0x000000e016600000)]
  0x0000027ef599cc10 JavaThread "Execution worker Thread 5" [_thread_in_vm, id=5924, stack(0x000000e016600000,0x000000e016700000)]
  0x0000027ef5999970 JavaThread "Execution worker Thread 6" [_thread_blocked, id=14084, stack(0x000000e016700000,0x000000e016800000)]
  0x0000027ef599d120 JavaThread "Execution worker Thread 7" [_thread_in_Java, id=1956, stack(0x000000e016800000,0x000000e016900000)]
  0x0000027ef5998f50 JavaThread "Cache worker for execution history cache (D:\appinopNew\NLG-main\node_modules\@react-native\gradle-plugin\.gradle\8.3\executionHistory)" [_thread_blocked, id=12976, stack(0x000000e016900000,0x000000e016a00000)]
  0x0000027ef59a08d0 JavaThread "Unconstrained build operations Thread 10" [_thread_blocked, id=9748, stack(0x000000e016a00000,0x000000e016b00000)]
  0x0000027ef599d630 JavaThread "Unconstrained build operations Thread 11" [_thread_blocked, id=6500, stack(0x000000e016b00000,0x000000e016c00000)]
  0x0000027ef599db40 JavaThread "Unconstrained build operations Thread 12" [_thread_blocked, id=4116, stack(0x000000e016c00000,0x000000e016d00000)]
  0x0000027ef599a8a0 JavaThread "Unconstrained build operations Thread 13" [_thread_blocked, id=12436, stack(0x000000e016d00000,0x000000e016e00000)]
  0x0000027ef5999e80 JavaThread "Unconstrained build operations Thread 14" [_thread_blocked, id=1512, stack(0x000000e016e00000,0x000000e016f00000)]
  0x0000027ef599e560 JavaThread "Unconstrained build operations Thread 15" [_thread_blocked, id=13172, stack(0x000000e016f00000,0x000000e017000000)]
  0x0000027ef599ea70 JavaThread "Unconstrained build operations Thread 16" [_thread_blocked, id=6920, stack(0x000000e017000000,0x000000e017100000)]
  0x0000027ef599ef80 JavaThread "Unconstrained build operations Thread 17" [_thread_blocked, id=12680, stack(0x000000e017100000,0x000000e017200000)]
  0x0000027ef599f490 JavaThread "Unconstrained build operations Thread 18" [_thread_blocked, id=16648, stack(0x000000e017200000,0x000000e017300000)]
  0x0000027ef599f9a0 JavaThread "Unconstrained build operations Thread 19" [_thread_blocked, id=9200, stack(0x000000e017300000,0x000000e017400000)]
  0x0000027ef5999460 JavaThread "Unconstrained build operations Thread 20" [_thread_blocked, id=11896, stack(0x000000e017400000,0x000000e017500000)]
  0x0000027ef599feb0 JavaThread "Unconstrained build operations Thread 21" [_thread_blocked, id=20288, stack(0x000000e017500000,0x000000e017600000)]
  0x0000027ef59a03c0 JavaThread "Unconstrained build operations Thread 22" [_thread_blocked, id=19088, stack(0x000000e017600000,0x000000e017700000)]
  0x0000027ef599b2c0 JavaThread "Unconstrained build operations Thread 23" [_thread_blocked, id=18704, stack(0x000000e017700000,0x000000e017800000)]
  0x0000027ef599b7d0 JavaThread "Unconstrained build operations Thread 24" [_thread_blocked, id=17992, stack(0x000000e017800000,0x000000e017900000)]
  0x0000027ef4a82180 JavaThread "Unconstrained build operations Thread 25" [_thread_blocked, id=17420, stack(0x000000e017900000,0x000000e017a00000)]
  0x0000027ef4a84f10 JavaThread "Unconstrained build operations Thread 26" [_thread_blocked, id=5700, stack(0x000000e017b00000,0x000000e017c00000)]
  0x0000027ef4a83fe0 JavaThread "Unconstrained build operations Thread 27" [_thread_blocked, id=14236, stack(0x000000e017c00000,0x000000e017d00000)]
  0x0000027ef4a82690 JavaThread "Unconstrained build operations Thread 28" [_thread_blocked, id=4796, stack(0x000000e017d00000,0x000000e017e00000)]
  0x0000027ef4a7fe10 JavaThread "Unconstrained build operations Thread 29" [_thread_blocked, id=15948, stack(0x000000e017e00000,0x000000e017f00000)]
  0x0000027ef4a835c0 JavaThread "Unconstrained build operations Thread 30" [_thread_blocked, id=17040, stack(0x000000e017f00000,0x000000e018000000)]
  0x0000027ef4a82ba0 JavaThread "Unconstrained build operations Thread 31" [_thread_blocked, id=19856, stack(0x000000e018000000,0x000000e018100000)]
  0x0000027ef4a81760 JavaThread "Unconstrained build operations Thread 32" [_thread_blocked, id=18988, stack(0x000000e018100000,0x000000e018200000)]
  0x0000027ef4a844f0 JavaThread "Unconstrained build operations Thread 33" [_thread_blocked, id=17216, stack(0x000000e018200000,0x000000e018300000)]
  0x0000027ef4a86350 JavaThread "Unconstrained build operations Thread 34" [_thread_blocked, id=20316, stack(0x000000e018300000,0x000000e018400000)]
  0x0000027ef4a80320 JavaThread "Unconstrained build operations Thread 35" [_thread_blocked, id=9044, stack(0x000000e018400000,0x000000e018500000)]
  0x0000027ef4a80d40 JavaThread "Unconstrained build operations Thread 36" [_thread_blocked, id=18348, stack(0x000000e018500000,0x000000e018600000)]
  0x0000027ef4a81c70 JavaThread "Unconstrained build operations Thread 37" [_thread_blocked, id=19676, stack(0x000000e018600000,0x000000e018700000)]
  0x0000027ef4a84a00 JavaThread "Unconstrained build operations Thread 38" [_thread_blocked, id=20120, stack(0x000000e018700000,0x000000e018800000)]
  0x0000027ef4a85420 JavaThread "Unconstrained build operations Thread 39" [_thread_blocked, id=18420, stack(0x000000e018800000,0x000000e018900000)]
  0x0000027ef4a86860 JavaThread "Unconstrained build operations Thread 40" [_thread_blocked, id=13512, stack(0x000000e018900000,0x000000e018a00000)]
  0x0000027ef4961560 JavaThread "Unconstrained build operations Thread 41" [_thread_blocked, id=19548, stack(0x000000e018a00000,0x000000e018b00000)]
  0x0000027ef4961f80 JavaThread "Unconstrained build operations Thread 42" [_thread_blocked, id=6236, stack(0x000000e018b00000,0x000000e018c00000)]
  0x0000027ef8e70c60 JavaThread "Unconstrained build operations Thread 43" [_thread_blocked, id=13964, stack(0x000000e018c00000,0x000000e018d00000)]
  0x0000027ef8e6e8f0 JavaThread "Unconstrained build operations Thread 44" [_thread_blocked, id=7808, stack(0x000000e018d00000,0x000000e018e00000)]
  0x0000027ef8e6fd30 JavaThread "Unconstrained build operations Thread 45" [_thread_blocked, id=2980, stack(0x000000e018e00000,0x000000e018f00000)]
  0x0000027ef8e6ded0 JavaThread "Unconstrained build operations Thread 46" [_thread_blocked, id=20432, stack(0x000000e018f00000,0x000000e019000000)]
  0x0000027ef8e72ac0 JavaThread "Unconstrained build operations Thread 47" [_thread_blocked, id=6160, stack(0x000000e019000000,0x000000e019100000)]
  0x0000027ef8e74410 JavaThread "Unconstrained build operations Thread 48" [_thread_blocked, id=15552, stack(0x000000e019100000,0x000000e019200000)]
  0x0000027ef8e74920 JavaThread "Unconstrained build operations Thread 49" [_thread_blocked, id=18868, stack(0x000000e019200000,0x000000e019300000)]
  0x0000027ef8e70750 JavaThread "Unconstrained build operations Thread 50" [_thread_blocked, id=6952, stack(0x000000e019300000,0x000000e019400000)]
  0x0000027ef8e734e0 JavaThread "Unconstrained build operations Thread 51" [_thread_blocked, id=18692, stack(0x000000e019400000,0x000000e019500000)]
  0x0000027ef8e6ee00 JavaThread "Unconstrained build operations Thread 52" [_thread_blocked, id=16892, stack(0x000000e019500000,0x000000e019600000)]
  0x0000027ef8e74e30 JavaThread "Unconstrained build operations Thread 53" [_thread_blocked, id=8512, stack(0x000000e019600000,0x000000e019700000)]
  0x0000027ef8e725b0 JavaThread "Unconstrained build operations Thread 54" [_thread_blocked, id=5868, stack(0x000000e019700000,0x000000e019800000)]
  0x0000027ef8e72fd0 JavaThread "Unconstrained build operations Thread 55" [_thread_blocked, id=12992, stack(0x000000e019800000,0x000000e019900000)]
  0x0000027ef8e71680 JavaThread "Unconstrained build operations Thread 56" [_thread_blocked, id=3704, stack(0x000000e017a00000,0x000000e017b00000)]
  0x0000027ef8e73f00 JavaThread "Unconstrained build operations Thread 57" [_thread_blocked, id=11924, stack(0x000000e019900000,0x000000e019a00000)]
  0x0000027ef8e6d9c0 JavaThread "Unconstrained build operations Thread 58" [_thread_blocked, id=8652, stack(0x000000e019a00000,0x000000e019b00000)]
  0x0000027ef8e6e3e0 JavaThread "Unconstrained build operations Thread 59" [_thread_blocked, id=3656, stack(0x000000e019b00000,0x000000e019c00000)]
  0x0000027ef8e75340 JavaThread "Unconstrained build operations Thread 60" [_thread_blocked, id=10808, stack(0x000000e019c00000,0x000000e019d00000)]
  0x0000027ef8e71b90 JavaThread "Unconstrained build operations Thread 61" [_thread_blocked, id=2652, stack(0x000000e019d00000,0x000000e019e00000)]
  0x0000027ef8e6f820 JavaThread "Unconstrained build operations Thread 62" [_thread_blocked, id=3880, stack(0x000000e019e00000,0x000000e019f00000)]
  0x0000027ef8e720a0 JavaThread "Unconstrained build operations Thread 63" [_thread_blocked, id=9476, stack(0x000000e019f00000,0x000000e01a000000)]
  0x0000027ef4e001f0 JavaThread "Unconstrained build operations Thread 64" [_thread_blocked, id=11620, stack(0x000000e01a000000,0x000000e01a100000)]
  0x0000027ef4dfe8a0 JavaThread "Unconstrained build operations Thread 65" [_thread_blocked, id=20424, stack(0x000000e01a100000,0x000000e01a200000)]
  0x0000027ef4e04de0 JavaThread "Unconstrained build operations Thread 66" [_thread_blocked, id=11548, stack(0x000000e01a200000,0x000000e01a300000)]
  0x0000027ef4dffce0 JavaThread "Unconstrained build operations Thread 67" [_thread_blocked, id=11112, stack(0x000000e01a300000,0x000000e01a400000)]
  0x0000027ef4e05800 JavaThread "Unconstrained build operations Thread 68" [_thread_blocked, id=13320, stack(0x000000e01a400000,0x000000e01a500000)]
  0x0000027ef4e01b40 JavaThread "Unconstrained build operations Thread 69" [_thread_blocked, id=3312, stack(0x000000e01a500000,0x000000e01a600000)]
  0x0000027ef4e02560 JavaThread "Unconstrained build operations Thread 70" [_thread_blocked, id=3400, stack(0x000000e01a600000,0x000000e01a700000)]
  0x0000027ef4e052f0 JavaThread "Unconstrained build operations Thread 71" [_thread_blocked, id=15752, stack(0x000000e01a700000,0x000000e01a800000)]
  0x0000027ef4e03eb0 JavaThread "Unconstrained build operations Thread 72" [_thread_blocked, id=10060, stack(0x000000e01a800000,0x000000e01a900000)]
  0x0000027ef4e03490 JavaThread "Unconstrained build operations Thread 73" [_thread_blocked, id=15280, stack(0x000000e01a900000,0x000000e01aa00000)]
  0x0000027ef4e01120 JavaThread "Unconstrained build operations Thread 74" [_thread_blocked, id=13344, stack(0x000000e01aa00000,0x000000e01ab00000)]
  0x0000027ef4dff2c0 JavaThread "Unconstrained build operations Thread 75" [_thread_blocked, id=11108, stack(0x000000e01ab00000,0x000000e01ac00000)]
  0x0000027ef4e00700 JavaThread "Unconstrained build operations Thread 76" [_thread_blocked, id=264, stack(0x000000e01ac00000,0x000000e01ad00000)]
  0x0000027ef4e043c0 JavaThread "Unconstrained build operations Thread 77" [_thread_blocked, id=14268, stack(0x000000e01ae00000,0x000000e01af00000)]
  0x0000027ef4e02a70 JavaThread "Unconstrained build operations Thread 78" [_thread_blocked, id=18024, stack(0x000000e01af00000,0x000000e01b000000)]
  0x0000027ef4e02f80 JavaThread "Unconstrained build operations Thread 79" [_thread_blocked, id=20172, stack(0x000000e01b000000,0x000000e01b100000)]
  0x0000027ef4e05d10 JavaThread "Unconstrained build operations Thread 80" [_thread_blocked, id=11104, stack(0x000000e01b100000,0x000000e01b200000)]
=>0x0000027ef64e48c0 JavaThread "C2 CompilerThread1" daemon [_thread_in_native, id=17996, stack(0x000000e01ad00000,0x000000e01ae00000)]
  0x0000027efebd4640 JavaThread "Cache worker for execution history cache (D:\appinopNew\NLG-main\android\.gradle\8.3\executionHistory)" [_thread_blocked, id=16368, stack(0x000000e010d00000,0x000000e010e00000)]

Other Threads:
  0x0000027eee2351e0 VMThread "VM Thread" [stack: 0x000000e011500000,0x000000e011600000] [id=9364]
  0x0000027eee7af0c0 WatcherThread [stack: 0x000000e012100000,0x000000e012200000] [id=7404]
  0x0000027ed011b840 GCTaskThread "GC Thread#0" [stack: 0x000000e011000000,0x000000e011100000] [id=19108]
  0x0000027ef36bb060 GCTaskThread "GC Thread#1" [stack: 0x000000e012300000,0x000000e012400000] [id=11176]
  0x0000027ef38848b0 GCTaskThread "GC Thread#2" [stack: 0x000000e012400000,0x000000e012500000] [id=18576]
  0x0000027ef3958700 GCTaskThread "GC Thread#3" [stack: 0x000000e012500000,0x000000e012600000] [id=17056]
  0x0000027ef3c6aa70 GCTaskThread "GC Thread#4" [stack: 0x000000e012600000,0x000000e012700000] [id=13496]
  0x0000027ef42cdec0 GCTaskThread "GC Thread#5" [stack: 0x000000e013500000,0x000000e013600000] [id=11916]
  0x0000027ef5f4caa0 GCTaskThread "GC Thread#6" [stack: 0x000000e013600000,0x000000e013700000] [id=5576]
  0x0000027ef4c27030 GCTaskThread "GC Thread#7" [stack: 0x000000e013700000,0x000000e013800000] [id=19308]
  0x0000027ed012d7a0 ConcurrentGCThread "G1 Main Marker" [stack: 0x000000e011100000,0x000000e011200000] [id=13712]
  0x0000027ed012e1c0 ConcurrentGCThread "G1 Conc#0" [stack: 0x000000e011200000,0x000000e011300000] [id=18864]
  0x0000027ef66783b0 ConcurrentGCThread "G1 Conc#1" [stack: 0x000000e013d00000,0x000000e013e00000] [id=17900]
  0x0000027ed016e570 ConcurrentGCThread "G1 Refine#0" [stack: 0x000000e011300000,0x000000e011400000] [id=9284]
  0x0000027eee0ee050 ConcurrentGCThread "G1 Service" [stack: 0x000000e011400000,0x000000e011500000] [id=4140]

Threads with active compile tasks:
C2 CompilerThread0    68739 19535       4       org.gradle.internal.snapshot.AbstractListChildMap::store (72 bytes)
C2 CompilerThread1    68739 19539       4       org.gradle.internal.snapshot.AbstractIncompleteFileSystemNode::store (43 bytes)

VM state: not at safepoint (normal execution)

VM Mutex/Monitor currently owned by a thread: None

Heap address: 0x0000000080000000, size: 2048 MB, Compressed Oops mode: 32-bit

CDS archive(s) mapped at: [0x0000027e80000000-0x0000027e80bb0000-0x0000027e80bb0000), size 12255232, SharedBaseAddress: 0x0000027e80000000, ArchiveRelocationMode: 1.
Compressed class space mapped at: 0x0000027e81000000-0x0000027e9b000000, reserved size: 436207616
Narrow klass base: 0x0000027e80000000, Narrow klass shift: 0, Narrow klass range: 0x100000000

GC Precious Log:
 CPUs: 8 total, 8 available
 Memory: 7865M
 Large Page Support: Disabled
 NUMA Support: Disabled
 Compressed Oops: Enabled (32-bit)
 Heap Region Size: 1M
 Heap Min Capacity: 8M
 Heap Initial Capacity: 124M
 Heap Max Capacity: 2G
 Pre-touch: Disabled
 Parallel Workers: 8
 Concurrent Workers: 2
 Concurrent Refinement Workers: 8
 Periodic GC: Disabled

Heap:
 garbage-first heap   total 419840K, used 353153K [0x0000000080000000, 0x0000000100000000)
  region size 1024K, 15 young (15360K), 3 survivors (3072K)
 Metaspace       used 108442K, committed 110400K, reserved 557056K
  class space    used 15177K, committed 16064K, reserved 425984K

Heap Regions: E=young(eden), S=young(survivor), O=old, HS=humongous(starts), HC=humongous(continues), CS=collection set, F=free, OA=open archive, CA=closed archive, TAMS=top-at-mark-start (previous, next)
|   0|0x0000000080000000, 0x0000000080100000, 0x0000000080100000|100%|HS|  |TAMS 0x0000000080100000, 0x0000000080000000| Complete 
|   1|0x0000000080100000, 0x0000000080200000, 0x0000000080200000|100%|HC|  |TAMS 0x0000000080200000, 0x0000000080100000| Complete 
|   2|0x0000000080200000, 0x0000000080300000, 0x0000000080300000|100%|HC|  |TAMS 0x0000000080300000, 0x0000000080200000| Complete 
|   3|0x0000000080300000, 0x0000000080400000, 0x0000000080400000|100%|HC|  |TAMS 0x0000000080400000, 0x0000000080300000| Complete 
|   4|0x0000000080400000, 0x0000000080500000, 0x0000000080500000|100%| O|  |TAMS 0x0000000080500000, 0x0000000080400000| Untracked 
|   5|0x0000000080500000, 0x0000000080600000, 0x0000000080600000|100%| O|  |TAMS 0x0000000080600000, 0x0000000080500000| Untracked 
|   6|0x0000000080600000, 0x0000000080700000, 0x0000000080700000|100%| O|  |TAMS 0x0000000080700000, 0x0000000080600000| Untracked 
|   7|0x0000000080700000, 0x0000000080800000, 0x0000000080800000|100%| O|  |TAMS 0x0000000080800000, 0x0000000080700000| Untracked 
|   8|0x0000000080800000, 0x0000000080900000, 0x0000000080900000|100%| O|  |TAMS 0x0000000080900000, 0x0000000080800000| Untracked 
|   9|0x0000000080900000, 0x0000000080a00000, 0x0000000080a00000|100%| O|  |TAMS 0x0000000080a00000, 0x0000000080900000| Untracked 
|  10|0x0000000080a00000, 0x0000000080b00000, 0x0000000080b00000|100%| O|  |TAMS 0x0000000080b00000, 0x0000000080a00000| Untracked 
|  11|0x0000000080b00000, 0x0000000080c00000, 0x0000000080c00000|100%| O|  |TAMS 0x0000000080c00000, 0x0000000080b00000| Untracked 
|  12|0x0000000080c00000, 0x0000000080d00000, 0x0000000080d00000|100%| O|  |TAMS 0x0000000080d00000, 0x0000000080c00000| Untracked 
|  13|0x0000000080d00000, 0x0000000080e00000, 0x0000000080e00000|100%| O|  |TAMS 0x0000000080e00000, 0x0000000080d00000| Untracked 
|  14|0x0000000080e00000, 0x0000000080f00000, 0x0000000080f00000|100%| O|  |TAMS 0x0000000080f00000, 0x0000000080e00000| Untracked 
|  15|0x0000000080f00000, 0x0000000081000000, 0x0000000081000000|100%| O|  |TAMS 0x0000000081000000, 0x0000000080f00000| Untracked 
|  16|0x0000000081000000, 0x0000000081100000, 0x0000000081100000|100%| O|  |TAMS 0x0000000081100000, 0x0000000081000000| Untracked 
|  17|0x0000000081100000, 0x0000000081200000, 0x0000000081200000|100%| O|  |TAMS 0x0000000081200000, 0x0000000081100000| Untracked 
|  18|0x0000000081200000, 0x0000000081300000, 0x0000000081300000|100%| O|  |TAMS 0x0000000081300000, 0x0000000081200000| Untracked 
|  19|0x0000000081300000, 0x0000000081400000, 0x0000000081400000|100%| O|  |TAMS 0x0000000081400000, 0x0000000081300000| Untracked 
|  20|0x0000000081400000, 0x0000000081500000, 0x0000000081500000|100%| O|  |TAMS 0x0000000081500000, 0x0000000081400000| Untracked 
|  21|0x0000000081500000, 0x0000000081600000, 0x0000000081600000|100%| O|  |TAMS 0x0000000081600000, 0x0000000081500000| Untracked 
|  22|0x0000000081600000, 0x0000000081700000, 0x0000000081700000|100%| O|  |TAMS 0x0000000081700000, 0x0000000081600000| Untracked 
|  23|0x0000000081700000, 0x0000000081800000, 0x0000000081800000|100%| O|  |TAMS 0x0000000081800000, 0x0000000081700000| Untracked 
|  24|0x0000000081800000, 0x0000000081900000, 0x0000000081900000|100%| O|  |TAMS 0x0000000081900000, 0x0000000081800000| Untracked 
|  25|0x0000000081900000, 0x0000000081a00000, 0x0000000081a00000|100%| O|  |TAMS 0x0000000081a00000, 0x0000000081900000| Untracked 
|  26|0x0000000081a00000, 0x0000000081b00000, 0x0000000081b00000|100%| O|  |TAMS 0x0000000081b00000, 0x0000000081a00000| Untracked 
|  27|0x0000000081b00000, 0x0000000081c00000, 0x0000000081c00000|100%| O|  |TAMS 0x0000000081c00000, 0x0000000081b00000| Untracked 
|  28|0x0000000081c00000, 0x0000000081d00000, 0x0000000081d00000|100%| O|  |TAMS 0x0000000081d00000, 0x0000000081c00000| Untracked 
|  29|0x0000000081d00000, 0x0000000081e00000, 0x0000000081e00000|100%|HS|  |TAMS 0x0000000081e00000, 0x0000000081d00000| Complete 
|  30|0x0000000081e00000, 0x0000000081f00000, 0x0000000081f00000|100%|HC|  |TAMS 0x0000000081f00000, 0x0000000081e00000| Complete 
|  31|0x0000000081f00000, 0x0000000082000000, 0x0000000082000000|100%|HS|  |TAMS 0x0000000082000000, 0x0000000081f00000| Complete 
|  32|0x0000000082000000, 0x0000000082100000, 0x0000000082100000|100%|HC|  |TAMS 0x0000000082100000, 0x0000000082000000| Complete 
|  33|0x0000000082100000, 0x0000000082200000, 0x0000000082200000|100%| O|  |TAMS 0x0000000082200000, 0x0000000082100000| Untracked 
|  34|0x0000000082200000, 0x0000000082300000, 0x0000000082300000|100%| O|  |TAMS 0x0000000082300000, 0x0000000082200000| Untracked 
|  35|0x0000000082300000, 0x0000000082400000, 0x0000000082400000|100%| O|  |TAMS 0x0000000082400000, 0x0000000082300000| Untracked 
|  36|0x0000000082400000, 0x0000000082500000, 0x0000000082500000|100%| O|  |TAMS 0x0000000082500000, 0x0000000082400000| Untracked 
|  37|0x0000000082500000, 0x0000000082600000, 0x0000000082600000|100%| O|  |TAMS 0x0000000082600000, 0x0000000082500000| Untracked 
|  38|0x0000000082600000, 0x0000000082700000, 0x0000000082700000|100%| O|  |TAMS 0x0000000082700000, 0x0000000082600000| Untracked 
|  39|0x0000000082700000, 0x0000000082800000, 0x0000000082800000|100%| O|  |TAMS 0x0000000082800000, 0x0000000082700000| Untracked 
|  40|0x0000000082800000, 0x0000000082900000, 0x0000000082900000|100%|HS|  |TAMS 0x0000000082900000, 0x0000000082800000| Complete 
|  41|0x0000000082900000, 0x0000000082a00000, 0x0000000082a00000|100%|HC|  |TAMS 0x0000000082a00000, 0x0000000082900000| Complete 
|  42|0x0000000082a00000, 0x0000000082b00000, 0x0000000082b00000|100%|HC|  |TAMS 0x0000000082b00000, 0x0000000082a00000| Complete 
|  43|0x0000000082b00000, 0x0000000082c00000, 0x0000000082c00000|100%|HC|  |TAMS 0x0000000082c00000, 0x0000000082b00000| Complete 
|  44|0x0000000082c00000, 0x0000000082d00000, 0x0000000082d00000|100%| O|  |TAMS 0x0000000082d00000, 0x0000000082c00000| Untracked 
|  45|0x0000000082d00000, 0x0000000082e00000, 0x0000000082e00000|100%| O|  |TAMS 0x0000000082e00000, 0x0000000082d00000| Untracked 
|  46|0x0000000082e00000, 0x0000000082f00000, 0x0000000082f00000|100%| O|  |TAMS 0x0000000082f00000, 0x0000000082e00000| Untracked 
|  47|0x0000000082f00000, 0x0000000083000000, 0x0000000083000000|100%| O|  |TAMS 0x0000000083000000, 0x0000000082f00000| Untracked 
|  48|0x0000000083000000, 0x0000000083100000, 0x0000000083100000|100%| O|  |TAMS 0x0000000083100000, 0x0000000083000000| Untracked 
|  49|0x0000000083100000, 0x0000000083200000, 0x0000000083200000|100%| O|  |TAMS 0x0000000083200000, 0x0000000083100000| Untracked 
|  50|0x0000000083200000, 0x0000000083300000, 0x0000000083300000|100%| O|  |TAMS 0x0000000083300000, 0x0000000083200000| Untracked 
|  51|0x0000000083300000, 0x0000000083400000, 0x0000000083400000|100%|HS|  |TAMS 0x0000000083400000, 0x0000000083300000| Complete 
|  52|0x0000000083400000, 0x0000000083500000, 0x0000000083500000|100%|HC|  |TAMS 0x0000000083500000, 0x0000000083400000| Complete 
|  53|0x0000000083500000, 0x0000000083600000, 0x0000000083600000|100%|HC|  |TAMS 0x0000000083600000, 0x0000000083500000| Complete 
|  54|0x0000000083600000, 0x0000000083700000, 0x0000000083700000|100%|HC|  |TAMS 0x0000000083700000, 0x0000000083600000| Complete 
|  55|0x0000000083700000, 0x0000000083800000, 0x0000000083800000|100%| O|  |TAMS 0x0000000083800000, 0x0000000083700000| Untracked 
|  56|0x0000000083800000, 0x0000000083900000, 0x0000000083900000|100%| O|  |TAMS 0x0000000083900000, 0x0000000083800000| Untracked 
|  57|0x0000000083900000, 0x0000000083a00000, 0x0000000083a00000|100%| O|  |TAMS 0x0000000083a00000, 0x0000000083900000| Untracked 
|  58|0x0000000083a00000, 0x0000000083b00000, 0x0000000083b00000|100%| O|  |TAMS 0x0000000083b00000, 0x0000000083a00000| Untracked 
|  59|0x0000000083b00000, 0x0000000083c00000, 0x0000000083c00000|100%| O|  |TAMS 0x0000000083c00000, 0x0000000083b00000| Untracked 
|  60|0x0000000083c00000, 0x0000000083d00000, 0x0000000083d00000|100%| O|  |TAMS 0x0000000083d00000, 0x0000000083c00000| Untracked 
|  61|0x0000000083d00000, 0x0000000083e00000, 0x0000000083e00000|100%| O|  |TAMS 0x0000000083e00000, 0x0000000083d00000| Untracked 
|  62|0x0000000083e00000, 0x0000000083f00000, 0x0000000083f00000|100%| O|  |TAMS 0x0000000083f00000, 0x0000000083e00000| Untracked 
|  63|0x0000000083f00000, 0x0000000084000000, 0x0000000084000000|100%| O|  |TAMS 0x0000000084000000, 0x0000000083f00000| Untracked 
|  64|0x0000000084000000, 0x0000000084100000, 0x0000000084100000|100%| O|  |TAMS 0x0000000084100000, 0x0000000084000000| Untracked 
|  65|0x0000000084100000, 0x0000000084200000, 0x0000000084200000|100%| O|  |TAMS 0x0000000084200000, 0x0000000084100000| Untracked 
|  66|0x0000000084200000, 0x0000000084300000, 0x0000000084300000|100%| O|  |TAMS 0x0000000084300000, 0x0000000084200000| Untracked 
|  67|0x0000000084300000, 0x0000000084400000, 0x0000000084400000|100%| O|  |TAMS 0x0000000084300000, 0x0000000084300000| Untracked 
|  68|0x0000000084400000, 0x0000000084500000, 0x0000000084500000|100%| O|  |TAMS 0x0000000084500000, 0x0000000084400000| Untracked 
|  69|0x0000000084500000, 0x0000000084600000, 0x0000000084600000|100%| O|  |TAMS 0x0000000084500000, 0x0000000084500000| Untracked 
|  70|0x0000000084600000, 0x0000000084700000, 0x0000000084700000|100%| O|  |TAMS 0x0000000084600000, 0x0000000084600000| Untracked 
|  71|0x0000000084700000, 0x0000000084800000, 0x0000000084800000|100%| O|  |TAMS 0x0000000084800000, 0x0000000084700000| Untracked 
|  72|0x0000000084800000, 0x0000000084900000, 0x0000000084900000|100%|HS|  |TAMS 0x0000000084900000, 0x0000000084800000| Complete 
|  73|0x0000000084900000, 0x0000000084a00000, 0x0000000084a00000|100%|HS|  |TAMS 0x0000000084a00000, 0x0000000084900000| Complete 
|  74|0x0000000084a00000, 0x0000000084b00000, 0x0000000084b00000|100%|HS|  |TAMS 0x0000000084b00000, 0x0000000084a00000| Complete 
|  75|0x0000000084b00000, 0x0000000084c00000, 0x0000000084c00000|100%| O|  |TAMS 0x0000000084c00000, 0x0000000084b00000| Untracked 
|  76|0x0000000084c00000, 0x0000000084d00000, 0x0000000084d00000|100%|HS|  |TAMS 0x0000000084d00000, 0x0000000084c00000| Complete 
|  77|0x0000000084d00000, 0x0000000084e00000, 0x0000000084e00000|100%| O|  |TAMS 0x0000000084e00000, 0x0000000084d00000| Untracked 
|  78|0x0000000084e00000, 0x0000000084f00000, 0x0000000084f00000|100%| O|  |TAMS 0x0000000084f00000, 0x0000000084e00000| Untracked 
|  79|0x0000000084f00000, 0x0000000085000000, 0x0000000085000000|100%| O|  |TAMS 0x0000000085000000, 0x0000000084f00000| Untracked 
|  80|0x0000000085000000, 0x0000000085100000, 0x0000000085100000|100%| O|  |TAMS 0x0000000085100000, 0x0000000085000000| Untracked 
|  81|0x0000000085100000, 0x0000000085200000, 0x0000000085200000|100%| O|  |TAMS 0x0000000085200000, 0x0000000085100000| Untracked 
|  82|0x0000000085200000, 0x0000000085300000, 0x0000000085300000|100%| O|  |TAMS 0x0000000085300000, 0x0000000085200000| Untracked 
|  83|0x0000000085300000, 0x0000000085400000, 0x0000000085400000|100%| O|  |TAMS 0x0000000085400000, 0x0000000085300000| Untracked 
|  84|0x0000000085400000, 0x0000000085500000, 0x0000000085500000|100%| O|  |TAMS 0x0000000085500000, 0x0000000085400000| Untracked 
|  85|0x0000000085500000, 0x0000000085600000, 0x0000000085600000|100%| O|  |TAMS 0x0000000085600000, 0x0000000085500000| Untracked 
|  86|0x0000000085600000, 0x0000000085700000, 0x0000000085700000|100%| O|  |TAMS 0x0000000085700000, 0x0000000085600000| Untracked 
|  87|0x0000000085700000, 0x0000000085800000, 0x0000000085800000|100%| O|  |TAMS 0x0000000085800000, 0x0000000085700000| Untracked 
|  88|0x0000000085800000, 0x0000000085900000, 0x0000000085900000|100%| O|  |TAMS 0x0000000085900000, 0x0000000085800000| Untracked 
|  89|0x0000000085900000, 0x0000000085a00000, 0x0000000085a00000|100%| O|  |TAMS 0x0000000085a00000, 0x0000000085900000| Untracked 
|  90|0x0000000085a00000, 0x0000000085b00000, 0x0000000085b00000|100%| O|  |TAMS 0x0000000085b00000, 0x0000000085a00000| Untracked 
|  91|0x0000000085b00000, 0x0000000085c00000, 0x0000000085c00000|100%| O|  |TAMS 0x0000000085c00000, 0x0000000085b00000| Untracked 
|  92|0x0000000085c00000, 0x0000000085d00000, 0x0000000085d00000|100%| O|  |TAMS 0x0000000085d00000, 0x0000000085c00000| Untracked 
|  93|0x0000000085d00000, 0x0000000085e00000, 0x0000000085e00000|100%| O|  |TAMS 0x0000000085e00000, 0x0000000085d00000| Untracked 
|  94|0x0000000085e00000, 0x0000000085f00000, 0x0000000085f00000|100%| O|  |TAMS 0x0000000085f00000, 0x0000000085e00000| Untracked 
|  95|0x0000000085f00000, 0x0000000086000000, 0x0000000086000000|100%| O|  |TAMS 0x0000000086000000, 0x0000000085f00000| Untracked 
|  96|0x0000000086000000, 0x0000000086100000, 0x0000000086100000|100%| O|  |TAMS 0x0000000086100000, 0x0000000086000000| Untracked 
|  97|0x0000000086100000, 0x0000000086200000, 0x0000000086200000|100%| O|  |TAMS 0x0000000086200000, 0x0000000086100000| Untracked 
|  98|0x0000000086200000, 0x0000000086300000, 0x0000000086300000|100%| O|  |TAMS 0x0000000086300000, 0x0000000086200000| Untracked 
|  99|0x0000000086300000, 0x0000000086400000, 0x0000000086400000|100%| O|  |TAMS 0x0000000086400000, 0x0000000086300000| Untracked 
| 100|0x0000000086400000, 0x0000000086500000, 0x0000000086500000|100%| O|  |TAMS 0x0000000086500000, 0x0000000086400000| Untracked 
| 101|0x0000000086500000, 0x0000000086600000, 0x0000000086600000|100%| O|  |TAMS 0x0000000086600000, 0x0000000086500000| Untracked 
| 102|0x0000000086600000, 0x0000000086700000, 0x0000000086700000|100%| O|  |TAMS 0x0000000086700000, 0x0000000086600000| Untracked 
| 103|0x0000000086700000, 0x0000000086800000, 0x0000000086800000|100%| O|  |TAMS 0x0000000086800000, 0x0000000086700000| Untracked 
| 104|0x0000000086800000, 0x0000000086900000, 0x0000000086900000|100%| O|  |TAMS 0x0000000086900000, 0x0000000086800000| Untracked 
| 105|0x0000000086900000, 0x0000000086a00000, 0x0000000086a00000|100%| O|  |TAMS 0x0000000086a00000, 0x0000000086900000| Untracked 
| 106|0x0000000086a00000, 0x0000000086b00000, 0x0000000086b00000|100%| O|  |TAMS 0x0000000086b00000, 0x0000000086a00000| Untracked 
| 107|0x0000000086b00000, 0x0000000086c00000, 0x0000000086c00000|100%| O|  |TAMS 0x0000000086c00000, 0x0000000086b00000| Untracked 
| 108|0x0000000086c00000, 0x0000000086d00000, 0x0000000086d00000|100%|HS|  |TAMS 0x0000000086d00000, 0x0000000086c00000| Complete 
| 109|0x0000000086d00000, 0x0000000086e00000, 0x0000000086e00000|100%|HC|  |TAMS 0x0000000086e00000, 0x0000000086d00000| Complete 
| 110|0x0000000086e00000, 0x0000000086f00000, 0x0000000086f00000|100%|HS|  |TAMS 0x0000000086f00000, 0x0000000086e00000| Complete 
| 111|0x0000000086f00000, 0x0000000087000000, 0x0000000087000000|100%|HC|  |TAMS 0x0000000087000000, 0x0000000086f00000| Complete 
| 112|0x0000000087000000, 0x0000000087100000, 0x0000000087100000|100%| O|  |TAMS 0x0000000087100000, 0x0000000087000000| Untracked 
| 113|0x0000000087100000, 0x0000000087200000, 0x0000000087200000|100%| O|  |TAMS 0x0000000087200000, 0x0000000087100000| Untracked 
| 114|0x0000000087200000, 0x0000000087300000, 0x0000000087300000|100%| O|  |TAMS 0x0000000087300000, 0x0000000087200000| Untracked 
| 115|0x0000000087300000, 0x0000000087400000, 0x0000000087400000|100%| O|  |TAMS 0x0000000087400000, 0x0000000087300000| Untracked 
| 116|0x0000000087400000, 0x0000000087500000, 0x0000000087500000|100%| O|  |TAMS 0x0000000087500000, 0x0000000087400000| Untracked 
| 117|0x0000000087500000, 0x0000000087600000, 0x0000000087600000|100%| O|  |TAMS 0x0000000087600000, 0x0000000087500000| Untracked 
| 118|0x0000000087600000, 0x0000000087700000, 0x0000000087700000|100%| O|  |TAMS 0x0000000087700000, 0x0000000087600000| Untracked 
| 119|0x0000000087700000, 0x0000000087800000, 0x0000000087800000|100%| O|  |TAMS 0x0000000087800000, 0x0000000087700000| Untracked 
| 120|0x0000000087800000, 0x0000000087900000, 0x0000000087900000|100%| O|  |TAMS 0x0000000087900000, 0x0000000087800000| Untracked 
| 121|0x0000000087900000, 0x0000000087a00000, 0x0000000087a00000|100%| O|  |TAMS 0x0000000087a00000, 0x0000000087900000| Untracked 
| 122|0x0000000087a00000, 0x0000000087b00000, 0x0000000087b00000|100%| O|  |TAMS 0x0000000087b00000, 0x0000000087a00000| Untracked 
| 123|0x0000000087b00000, 0x0000000087c00000, 0x0000000087c00000|100%| O|  |TAMS 0x0000000087b27400, 0x0000000087b00000| Untracked 
| 124|0x0000000087c00000, 0x0000000087d00000, 0x0000000087d00000|100%| O|  |TAMS 0x0000000087c00000, 0x0000000087c00000| Untracked 
| 125|0x0000000087d00000, 0x0000000087e00000, 0x0000000087e00000|100%| O|  |TAMS 0x0000000087d00000, 0x0000000087d00000| Untracked 
| 126|0x0000000087e00000, 0x0000000087f00000, 0x0000000087f00000|100%| O|  |TAMS 0x0000000087e00000, 0x0000000087e00000| Untracked 
| 127|0x0000000087f00000, 0x0000000088000000, 0x0000000088000000|100%| O|  |TAMS 0x0000000087f00000, 0x0000000087f00000| Untracked 
| 128|0x0000000088000000, 0x0000000088100000, 0x0000000088100000|100%| O|  |TAMS 0x0000000088000000, 0x0000000088000000| Untracked 
| 129|0x0000000088100000, 0x0000000088200000, 0x0000000088200000|100%| O|  |TAMS 0x0000000088100000, 0x0000000088100000| Untracked 
| 130|0x0000000088200000, 0x0000000088300000, 0x0000000088300000|100%| O|  |TAMS 0x0000000088200000, 0x0000000088200000| Untracked 
| 131|0x0000000088300000, 0x0000000088400000, 0x0000000088400000|100%| O|  |TAMS 0x0000000088300000, 0x0000000088300000| Untracked 
| 132|0x0000000088400000, 0x0000000088500000, 0x0000000088500000|100%| O|  |TAMS 0x0000000088400000, 0x0000000088400000| Untracked 
| 133|0x0000000088500000, 0x0000000088600000, 0x0000000088600000|100%| O|  |TAMS 0x0000000088500000, 0x0000000088500000| Untracked 
| 134|0x0000000088600000, 0x0000000088700000, 0x0000000088700000|100%| O|  |TAMS 0x0000000088600000, 0x0000000088600000| Untracked 
| 135|0x0000000088700000, 0x0000000088800000, 0x0000000088800000|100%| O|  |TAMS 0x0000000088700000, 0x0000000088700000| Untracked 
| 136|0x0000000088800000, 0x0000000088900000, 0x0000000088900000|100%| O|  |TAMS 0x0000000088800000, 0x0000000088800000| Untracked 
| 137|0x0000000088900000, 0x0000000088a00000, 0x0000000088a00000|100%| O|  |TAMS 0x0000000088900000, 0x0000000088900000| Untracked 
| 138|0x0000000088a00000, 0x0000000088b00000, 0x0000000088b00000|100%| O|  |TAMS 0x0000000088a00000, 0x0000000088a00000| Untracked 
| 139|0x0000000088b00000, 0x0000000088c00000, 0x0000000088c00000|100%| O|  |TAMS 0x0000000088b00000, 0x0000000088b00000| Untracked 
| 140|0x0000000088c00000, 0x0000000088d00000, 0x0000000088d00000|100%| O|  |TAMS 0x0000000088c00000, 0x0000000088c00000| Untracked 
| 141|0x0000000088d00000, 0x0000000088e00000, 0x0000000088e00000|100%| O|  |TAMS 0x0000000088d00000, 0x0000000088d00000| Untracked 
| 142|0x0000000088e00000, 0x0000000088f00000, 0x0000000088f00000|100%| O|  |TAMS 0x0000000088e00000, 0x0000000088e00000| Untracked 
| 143|0x0000000088f00000, 0x0000000089000000, 0x0000000089000000|100%|HS|  |TAMS 0x0000000088f00000, 0x0000000088f00000| Complete 
| 144|0x0000000089000000, 0x0000000089100000, 0x0000000089100000|100%|HS|  |TAMS 0x0000000089000000, 0x0000000089000000| Complete 
| 145|0x0000000089100000, 0x0000000089200000, 0x0000000089200000|100%|HS|  |TAMS 0x0000000089100000, 0x0000000089100000| Complete 
| 146|0x0000000089200000, 0x0000000089300000, 0x0000000089300000|100%|HC|  |TAMS 0x0000000089200000, 0x0000000089200000| Complete 
| 147|0x0000000089300000, 0x0000000089400000, 0x0000000089400000|100%| O|  |TAMS 0x0000000089300000, 0x0000000089300000| Untracked 
| 148|0x0000000089400000, 0x0000000089500000, 0x0000000089500000|100%| O|  |TAMS 0x0000000089400000, 0x0000000089400000| Untracked 
| 149|0x0000000089500000, 0x0000000089600000, 0x0000000089600000|100%| O|  |TAMS 0x0000000089500000, 0x0000000089500000| Untracked 
| 150|0x0000000089600000, 0x0000000089700000, 0x0000000089700000|100%| O|  |TAMS 0x0000000089600000, 0x0000000089600000| Untracked 
| 151|0x0000000089700000, 0x0000000089800000, 0x0000000089800000|100%| O|  |TAMS 0x0000000089700000, 0x0000000089700000| Untracked 
| 152|0x0000000089800000, 0x0000000089900000, 0x0000000089900000|100%| O|  |TAMS 0x0000000089800000, 0x0000000089800000| Untracked 
| 153|0x0000000089900000, 0x0000000089a00000, 0x0000000089a00000|100%| O|  |TAMS 0x0000000089900000, 0x0000000089900000| Untracked 
| 154|0x0000000089a00000, 0x0000000089b00000, 0x0000000089b00000|100%| O|  |TAMS 0x0000000089a00000, 0x0000000089a00000| Untracked 
| 155|0x0000000089b00000, 0x0000000089c00000, 0x0000000089c00000|100%| O|  |TAMS 0x0000000089b00000, 0x0000000089b00000| Untracked 
| 156|0x0000000089c00000, 0x0000000089d00000, 0x0000000089d00000|100%| O|  |TAMS 0x0000000089c00000, 0x0000000089c00000| Untracked 
| 157|0x0000000089d00000, 0x0000000089e00000, 0x0000000089e00000|100%| O|  |TAMS 0x0000000089d00000, 0x0000000089d00000| Untracked 
| 158|0x0000000089e00000, 0x0000000089f00000, 0x0000000089f00000|100%| O|  |TAMS 0x0000000089e00000, 0x0000000089e00000| Untracked 
| 159|0x0000000089f00000, 0x000000008a000000, 0x000000008a000000|100%| O|  |TAMS 0x0000000089f00000, 0x0000000089f00000| Untracked 
| 160|0x000000008a000000, 0x000000008a100000, 0x000000008a100000|100%| O|  |TAMS 0x000000008a000000, 0x000000008a000000| Untracked 
| 161|0x000000008a100000, 0x000000008a200000, 0x000000008a200000|100%| O|  |TAMS 0x000000008a100000, 0x000000008a100000| Untracked 
| 162|0x000000008a200000, 0x000000008a300000, 0x000000008a300000|100%| O|  |TAMS 0x000000008a200000, 0x000000008a200000| Untracked 
| 163|0x000000008a300000, 0x000000008a400000, 0x000000008a400000|100%| O|  |TAMS 0x000000008a300000, 0x000000008a300000| Untracked 
| 164|0x000000008a400000, 0x000000008a500000, 0x000000008a500000|100%| O|  |TAMS 0x000000008a400000, 0x000000008a400000| Untracked 
| 165|0x000000008a500000, 0x000000008a600000, 0x000000008a600000|100%| O|  |TAMS 0x000000008a500000, 0x000000008a500000| Untracked 
| 166|0x000000008a600000, 0x000000008a700000, 0x000000008a700000|100%| O|  |TAMS 0x000000008a600000, 0x000000008a600000| Untracked 
| 167|0x000000008a700000, 0x000000008a800000, 0x000000008a800000|100%|HS|  |TAMS 0x000000008a700000, 0x000000008a700000| Complete 
| 168|0x000000008a800000, 0x000000008a900000, 0x000000008a900000|100%| O|  |TAMS 0x000000008a800000, 0x000000008a800000| Untracked 
| 169|0x000000008a900000, 0x000000008aa00000, 0x000000008aa00000|100%| O|  |TAMS 0x000000008a900000, 0x000000008a900000| Untracked 
| 170|0x000000008aa00000, 0x000000008ab00000, 0x000000008ab00000|100%| O|  |TAMS 0x000000008aa00000, 0x000000008aa00000| Untracked 
| 171|0x000000008ab00000, 0x000000008ac00000, 0x000000008ac00000|100%| O|  |TAMS 0x000000008ab00000, 0x000000008ab00000| Untracked 
| 172|0x000000008ac00000, 0x000000008ad00000, 0x000000008ad00000|100%| O|  |TAMS 0x000000008ac00000, 0x000000008ac00000| Untracked 
| 173|0x000000008ad00000, 0x000000008ae00000, 0x000000008ae00000|100%| O|  |TAMS 0x000000008ad00000, 0x000000008ad00000| Untracked 
| 174|0x000000008ae00000, 0x000000008af00000, 0x000000008af00000|100%| O|  |TAMS 0x000000008ae00000, 0x000000008ae00000| Untracked 
| 175|0x000000008af00000, 0x000000008b000000, 0x000000008b000000|100%|HS|  |TAMS 0x000000008af00000, 0x000000008af00000| Complete 
| 176|0x000000008b000000, 0x000000008b100000, 0x000000008b100000|100%|HC|  |TAMS 0x000000008b000000, 0x000000008b000000| Complete 
| 177|0x000000008b100000, 0x000000008b200000, 0x000000008b200000|100%| O|  |TAMS 0x000000008b100000, 0x000000008b100000| Untracked 
| 178|0x000000008b200000, 0x000000008b300000, 0x000000008b300000|100%| O|  |TAMS 0x000000008b200000, 0x000000008b200000| Untracked 
| 179|0x000000008b300000, 0x000000008b400000, 0x000000008b400000|100%| O|  |TAMS 0x000000008b300000, 0x000000008b300000| Untracked 
| 180|0x000000008b400000, 0x000000008b500000, 0x000000008b500000|100%| O|  |TAMS 0x000000008b400000, 0x000000008b400000| Untracked 
| 181|0x000000008b500000, 0x000000008b600000, 0x000000008b600000|100%| O|  |TAMS 0x000000008b500000, 0x000000008b500000| Untracked 
| 182|0x000000008b600000, 0x000000008b700000, 0x000000008b700000|100%| O|  |TAMS 0x000000008b600000, 0x000000008b600000| Untracked 
| 183|0x000000008b700000, 0x000000008b800000, 0x000000008b800000|100%| O|  |TAMS 0x000000008b700000, 0x000000008b700000| Untracked 
| 184|0x000000008b800000, 0x000000008b900000, 0x000000008b900000|100%| O|  |TAMS 0x000000008b800000, 0x000000008b800000| Untracked 
| 185|0x000000008b900000, 0x000000008ba00000, 0x000000008ba00000|100%| O|  |TAMS 0x000000008b900000, 0x000000008b900000| Untracked 
| 186|0x000000008ba00000, 0x000000008bb00000, 0x000000008bb00000|100%| O|  |TAMS 0x000000008ba00000, 0x000000008ba00000| Untracked 
| 187|0x000000008bb00000, 0x000000008bc00000, 0x000000008bc00000|100%|HS|  |TAMS 0x000000008bb00000, 0x000000008bb00000| Complete 
| 188|0x000000008bc00000, 0x000000008bd00000, 0x000000008bd00000|100%|HS|  |TAMS 0x000000008bc00000, 0x000000008bc00000| Complete 
| 189|0x000000008bd00000, 0x000000008be00000, 0x000000008be00000|100%| O|  |TAMS 0x000000008bd00000, 0x000000008bd00000| Untracked 
| 190|0x000000008be00000, 0x000000008bf00000, 0x000000008bf00000|100%| O|  |TAMS 0x000000008be00000, 0x000000008be00000| Untracked 
| 191|0x000000008bf00000, 0x000000008c000000, 0x000000008c000000|100%| O|  |TAMS 0x000000008bf00000, 0x000000008bf00000| Untracked 
| 192|0x000000008c000000, 0x000000008c100000, 0x000000008c100000|100%| O|  |TAMS 0x000000008c000000, 0x000000008c000000| Untracked 
| 193|0x000000008c100000, 0x000000008c200000, 0x000000008c200000|100%| O|  |TAMS 0x000000008c100000, 0x000000008c100000| Untracked 
| 194|0x000000008c200000, 0x000000008c300000, 0x000000008c300000|100%| O|  |TAMS 0x000000008c200000, 0x000000008c200000| Untracked 
| 195|0x000000008c300000, 0x000000008c400000, 0x000000008c400000|100%| O|  |TAMS 0x000000008c300000, 0x000000008c300000| Untracked 
| 196|0x000000008c400000, 0x000000008c500000, 0x000000008c500000|100%| O|  |TAMS 0x000000008c400000, 0x000000008c400000| Untracked 
| 197|0x000000008c500000, 0x000000008c600000, 0x000000008c600000|100%| O|  |TAMS 0x000000008c500000, 0x000000008c500000| Untracked 
| 198|0x000000008c600000, 0x000000008c700000, 0x000000008c700000|100%| O|  |TAMS 0x000000008c600000, 0x000000008c600000| Untracked 
| 199|0x000000008c700000, 0x000000008c800000, 0x000000008c800000|100%| O|  |TAMS 0x000000008c700000, 0x000000008c700000| Untracked 
| 200|0x000000008c800000, 0x000000008c900000, 0x000000008c900000|100%| O|  |TAMS 0x000000008c800000, 0x000000008c800000| Untracked 
| 201|0x000000008c900000, 0x000000008ca00000, 0x000000008ca00000|100%| O|  |TAMS 0x000000008c900000, 0x000000008c900000| Untracked 
| 202|0x000000008ca00000, 0x000000008cb00000, 0x000000008cb00000|100%| O|  |TAMS 0x000000008ca00000, 0x000000008ca00000| Untracked 
| 203|0x000000008cb00000, 0x000000008cc00000, 0x000000008cc00000|100%| O|  |TAMS 0x000000008cb00000, 0x000000008cb00000| Untracked 
| 204|0x000000008cc00000, 0x000000008cd00000, 0x000000008cd00000|100%| O|  |TAMS 0x000000008cc00000, 0x000000008cc00000| Untracked 
| 205|0x000000008cd00000, 0x000000008ce00000, 0x000000008ce00000|100%| O|  |TAMS 0x000000008cd00000, 0x000000008cd00000| Untracked 
| 206|0x000000008ce00000, 0x000000008cf00000, 0x000000008cf00000|100%| O|  |TAMS 0x000000008ce00000, 0x000000008ce00000| Untracked 
| 207|0x000000008cf00000, 0x000000008d000000, 0x000000008d000000|100%| O|  |TAMS 0x000000008cf00000, 0x000000008cf00000| Untracked 
| 208|0x000000008d000000, 0x000000008d100000, 0x000000008d100000|100%| O|  |TAMS 0x000000008d000000, 0x000000008d000000| Untracked 
| 209|0x000000008d100000, 0x000000008d200000, 0x000000008d200000|100%| O|  |TAMS 0x000000008d100000, 0x000000008d100000| Untracked 
| 210|0x000000008d200000, 0x000000008d300000, 0x000000008d300000|100%| O|  |TAMS 0x000000008d200000, 0x000000008d200000| Untracked 
| 211|0x000000008d300000, 0x000000008d400000, 0x000000008d400000|100%| O|  |TAMS 0x000000008d300000, 0x000000008d300000| Untracked 
| 212|0x000000008d400000, 0x000000008d500000, 0x000000008d500000|100%| O|  |TAMS 0x000000008d400000, 0x000000008d400000| Untracked 
| 213|0x000000008d500000, 0x000000008d600000, 0x000000008d600000|100%| O|  |TAMS 0x000000008d500000, 0x000000008d500000| Untracked 
| 214|0x000000008d600000, 0x000000008d700000, 0x000000008d700000|100%| O|  |TAMS 0x000000008d600000, 0x000000008d600000| Untracked 
| 215|0x000000008d700000, 0x000000008d800000, 0x000000008d800000|100%| O|  |TAMS 0x000000008d700000, 0x000000008d700000| Untracked 
| 216|0x000000008d800000, 0x000000008d900000, 0x000000008d900000|100%| O|  |TAMS 0x000000008d800000, 0x000000008d800000| Untracked 
| 217|0x000000008d900000, 0x000000008da00000, 0x000000008da00000|100%| O|  |TAMS 0x000000008d900000, 0x000000008d900000| Untracked 
| 218|0x000000008da00000, 0x000000008db00000, 0x000000008db00000|100%| O|  |TAMS 0x000000008da00000, 0x000000008da00000| Untracked 
| 219|0x000000008db00000, 0x000000008dc00000, 0x000000008dc00000|100%| O|  |TAMS 0x000000008db00000, 0x000000008db00000| Untracked 
| 220|0x000000008dc00000, 0x000000008dd00000, 0x000000008dd00000|100%| O|  |TAMS 0x000000008dc00000, 0x000000008dc00000| Untracked 
| 221|0x000000008dd00000, 0x000000008de00000, 0x000000008de00000|100%| O|  |TAMS 0x000000008dd00000, 0x000000008dd00000| Untracked 
| 222|0x000000008de00000, 0x000000008df00000, 0x000000008df00000|100%| O|  |TAMS 0x000000008de00000, 0x000000008de00000| Untracked 
| 223|0x000000008df00000, 0x000000008e000000, 0x000000008e000000|100%| O|  |TAMS 0x000000008df00000, 0x000000008df00000| Untracked 
| 224|0x000000008e000000, 0x000000008e100000, 0x000000008e100000|100%| O|  |TAMS 0x000000008e000000, 0x000000008e000000| Untracked 
| 225|0x000000008e100000, 0x000000008e200000, 0x000000008e200000|100%| O|  |TAMS 0x000000008e100000, 0x000000008e100000| Untracked 
| 226|0x000000008e200000, 0x000000008e300000, 0x000000008e300000|100%| O|  |TAMS 0x000000008e200000, 0x000000008e200000| Untracked 
| 227|0x000000008e300000, 0x000000008e400000, 0x000000008e400000|100%| O|  |TAMS 0x000000008e300000, 0x000000008e300000| Untracked 
| 228|0x000000008e400000, 0x000000008e500000, 0x000000008e500000|100%| O|  |TAMS 0x000000008e400000, 0x000000008e400000| Untracked 
| 229|0x000000008e500000, 0x000000008e600000, 0x000000008e600000|100%| O|  |TAMS 0x000000008e500000, 0x000000008e500000| Untracked 
| 230|0x000000008e600000, 0x000000008e700000, 0x000000008e700000|100%| O|  |TAMS 0x000000008e600000, 0x000000008e600000| Untracked 
| 231|0x000000008e700000, 0x000000008e800000, 0x000000008e800000|100%| O|  |TAMS 0x000000008e700000, 0x000000008e700000| Untracked 
| 232|0x000000008e800000, 0x000000008e900000, 0x000000008e900000|100%| O|  |TAMS 0x000000008e800000, 0x000000008e800000| Untracked 
| 233|0x000000008e900000, 0x000000008ea00000, 0x000000008ea00000|100%| O|  |TAMS 0x000000008e900000, 0x000000008e900000| Untracked 
| 234|0x000000008ea00000, 0x000000008eb00000, 0x000000008eb00000|100%| O|  |TAMS 0x000000008ea00000, 0x000000008ea00000| Untracked 
| 235|0x000000008eb00000, 0x000000008ec00000, 0x000000008ec00000|100%| O|  |TAMS 0x000000008eb00000, 0x000000008eb00000| Untracked 
| 236|0x000000008ec00000, 0x000000008ed00000, 0x000000008ed00000|100%|HS|  |TAMS 0x000000008ec00000, 0x000000008ec00000| Complete 
| 237|0x000000008ed00000, 0x000000008ee00000, 0x000000008ee00000|100%|HS|  |TAMS 0x000000008ed00000, 0x000000008ed00000| Complete 
| 238|0x000000008ee00000, 0x000000008ef00000, 0x000000008ef00000|100%| O|  |TAMS 0x000000008ee00000, 0x000000008ee00000| Untracked 
| 239|0x000000008ef00000, 0x000000008f000000, 0x000000008f000000|100%| O|  |TAMS 0x000000008ef00000, 0x000000008ef00000| Untracked 
| 240|0x000000008f000000, 0x000000008f100000, 0x000000008f100000|100%| O|  |TAMS 0x000000008f000000, 0x000000008f000000| Untracked 
| 241|0x000000008f100000, 0x000000008f200000, 0x000000008f200000|100%| O|  |TAMS 0x000000008f100000, 0x000000008f100000| Untracked 
| 242|0x000000008f200000, 0x000000008f300000, 0x000000008f300000|100%| O|  |TAMS 0x000000008f200000, 0x000000008f200000| Untracked 
| 243|0x000000008f300000, 0x000000008f400000, 0x000000008f400000|100%| O|  |TAMS 0x000000008f300000, 0x000000008f300000| Untracked 
| 244|0x000000008f400000, 0x000000008f500000, 0x000000008f500000|100%| O|  |TAMS 0x000000008f400000, 0x000000008f400000| Untracked 
| 245|0x000000008f500000, 0x000000008f600000, 0x000000008f600000|100%| O|  |TAMS 0x000000008f500000, 0x000000008f500000| Untracked 
| 246|0x000000008f600000, 0x000000008f700000, 0x000000008f700000|100%| O|  |TAMS 0x000000008f600000, 0x000000008f600000| Untracked 
| 247|0x000000008f700000, 0x000000008f800000, 0x000000008f800000|100%| O|  |TAMS 0x000000008f700000, 0x000000008f700000| Untracked 
| 248|0x000000008f800000, 0x000000008f900000, 0x000000008f900000|100%| O|  |TAMS 0x000000008f800000, 0x000000008f800000| Untracked 
| 249|0x000000008f900000, 0x000000008fa00000, 0x000000008fa00000|100%| O|  |TAMS 0x000000008f900000, 0x000000008f900000| Untracked 
| 250|0x000000008fa00000, 0x000000008fb00000, 0x000000008fb00000|100%| O|  |TAMS 0x000000008fa00000, 0x000000008fa00000| Untracked 
| 251|0x000000008fb00000, 0x000000008fc00000, 0x000000008fc00000|100%| O|  |TAMS 0x000000008fb00000, 0x000000008fb00000| Untracked 
| 252|0x000000008fc00000, 0x000000008fd00000, 0x000000008fd00000|100%| O|  |TAMS 0x000000008fc00000, 0x000000008fc00000| Untracked 
| 253|0x000000008fd00000, 0x000000008fe00000, 0x000000008fe00000|100%| O|  |TAMS 0x000000008fd00000, 0x000000008fd00000| Untracked 
| 254|0x000000008fe00000, 0x000000008ff00000, 0x000000008ff00000|100%| O|  |TAMS 0x000000008fe00000, 0x000000008fe00000| Untracked 
| 255|0x000000008ff00000, 0x0000000090000000, 0x0000000090000000|100%| O|  |TAMS 0x000000008ff00000, 0x000000008ff00000| Untracked 
| 256|0x0000000090000000, 0x0000000090100000, 0x0000000090100000|100%| O|  |TAMS 0x0000000090000000, 0x0000000090000000| Untracked 
| 257|0x0000000090100000, 0x0000000090200000, 0x0000000090200000|100%| O|  |TAMS 0x0000000090100000, 0x0000000090100000| Untracked 
| 258|0x0000000090200000, 0x0000000090300000, 0x0000000090300000|100%| O|  |TAMS 0x0000000090200000, 0x0000000090200000| Untracked 
| 259|0x0000000090300000, 0x0000000090400000, 0x0000000090400000|100%| O|  |TAMS 0x0000000090300000, 0x0000000090300000| Untracked 
| 260|0x0000000090400000, 0x0000000090500000, 0x0000000090500000|100%| O|  |TAMS 0x0000000090400000, 0x0000000090400000| Untracked 
| 261|0x0000000090500000, 0x0000000090600000, 0x0000000090600000|100%| O|  |TAMS 0x0000000090500000, 0x0000000090500000| Untracked 
| 262|0x0000000090600000, 0x0000000090700000, 0x0000000090700000|100%| O|  |TAMS 0x0000000090600000, 0x0000000090600000| Untracked 
| 263|0x0000000090700000, 0x0000000090800000, 0x0000000090800000|100%| O|  |TAMS 0x0000000090700000, 0x0000000090700000| Untracked 
| 264|0x0000000090800000, 0x0000000090900000, 0x0000000090900000|100%| O|  |TAMS 0x0000000090800000, 0x0000000090800000| Untracked 
| 265|0x0000000090900000, 0x0000000090a00000, 0x0000000090a00000|100%| O|  |TAMS 0x0000000090900000, 0x0000000090900000| Untracked 
| 266|0x0000000090a00000, 0x0000000090b00000, 0x0000000090b00000|100%| O|  |TAMS 0x0000000090a00000, 0x0000000090a00000| Untracked 
| 267|0x0000000090b00000, 0x0000000090c00000, 0x0000000090c00000|100%| O|  |TAMS 0x0000000090b00000, 0x0000000090b00000| Untracked 
| 268|0x0000000090c00000, 0x0000000090d00000, 0x0000000090d00000|100%| O|  |TAMS 0x0000000090c00000, 0x0000000090c00000| Untracked 
| 269|0x0000000090d00000, 0x0000000090e00000, 0x0000000090e00000|100%| O|  |TAMS 0x0000000090d00000, 0x0000000090d00000| Untracked 
| 270|0x0000000090e00000, 0x0000000090f00000, 0x0000000090f00000|100%| O|  |TAMS 0x0000000090e00000, 0x0000000090e00000| Untracked 
| 271|0x0000000090f00000, 0x0000000091000000, 0x0000000091000000|100%| O|  |TAMS 0x0000000090f00000, 0x0000000090f00000| Untracked 
| 272|0x0000000091000000, 0x0000000091100000, 0x0000000091100000|100%| O|  |TAMS 0x0000000091000000, 0x0000000091000000| Untracked 
| 273|0x0000000091100000, 0x0000000091200000, 0x0000000091200000|100%| O|  |TAMS 0x0000000091100000, 0x0000000091100000| Untracked 
| 274|0x0000000091200000, 0x0000000091300000, 0x0000000091300000|100%| O|  |TAMS 0x0000000091200000, 0x0000000091200000| Untracked 
| 275|0x0000000091300000, 0x0000000091400000, 0x0000000091400000|100%| O|  |TAMS 0x0000000091300000, 0x0000000091300000| Untracked 
| 276|0x0000000091400000, 0x0000000091500000, 0x0000000091500000|100%| O|  |TAMS 0x0000000091400000, 0x0000000091400000| Untracked 
| 277|0x0000000091500000, 0x0000000091600000, 0x0000000091600000|100%| O|  |TAMS 0x0000000091500000, 0x0000000091500000| Untracked 
| 278|0x0000000091600000, 0x0000000091700000, 0x0000000091700000|100%| O|  |TAMS 0x0000000091600000, 0x0000000091600000| Untracked 
| 279|0x0000000091700000, 0x0000000091800000, 0x0000000091800000|100%| O|  |TAMS 0x0000000091700000, 0x0000000091700000| Untracked 
| 280|0x0000000091800000, 0x0000000091900000, 0x0000000091900000|100%| O|  |TAMS 0x0000000091800000, 0x0000000091800000| Untracked 
| 281|0x0000000091900000, 0x0000000091a00000, 0x0000000091a00000|100%| O|  |TAMS 0x0000000091900000, 0x0000000091900000| Untracked 
| 282|0x0000000091a00000, 0x0000000091b00000, 0x0000000091b00000|100%| O|  |TAMS 0x0000000091a00000, 0x0000000091a00000| Untracked 
| 283|0x0000000091b00000, 0x0000000091c00000, 0x0000000091c00000|100%| O|  |TAMS 0x0000000091b00000, 0x0000000091b00000| Untracked 
| 284|0x0000000091c00000, 0x0000000091d00000, 0x0000000091d00000|100%| O|  |TAMS 0x0000000091c00000, 0x0000000091c00000| Untracked 
| 285|0x0000000091d00000, 0x0000000091e00000, 0x0000000091e00000|100%| O|  |TAMS 0x0000000091d00000, 0x0000000091d00000| Untracked 
| 286|0x0000000091e00000, 0x0000000091f00000, 0x0000000091f00000|100%| O|  |TAMS 0x0000000091e00000, 0x0000000091e00000| Untracked 
| 287|0x0000000091f00000, 0x0000000092000000, 0x0000000092000000|100%| O|  |TAMS 0x0000000091f00000, 0x0000000091f00000| Untracked 
| 288|0x0000000092000000, 0x0000000092100000, 0x0000000092100000|100%| O|  |TAMS 0x0000000092000000, 0x0000000092000000| Untracked 
| 289|0x0000000092100000, 0x0000000092200000, 0x0000000092200000|100%| O|  |TAMS 0x0000000092100000, 0x0000000092100000| Untracked 
| 290|0x0000000092200000, 0x0000000092300000, 0x0000000092300000|100%| O|  |TAMS 0x0000000092200000, 0x0000000092200000| Untracked 
| 291|0x0000000092300000, 0x0000000092400000, 0x0000000092400000|100%| O|  |TAMS 0x0000000092300000, 0x0000000092300000| Untracked 
| 292|0x0000000092400000, 0x0000000092500000, 0x0000000092500000|100%| O|  |TAMS 0x0000000092400000, 0x0000000092400000| Untracked 
| 293|0x0000000092500000, 0x0000000092600000, 0x0000000092600000|100%| O|  |TAMS 0x0000000092500000, 0x0000000092500000| Untracked 
| 294|0x0000000092600000, 0x0000000092700000, 0x0000000092700000|100%| O|  |TAMS 0x0000000092600000, 0x0000000092600000| Untracked 
| 295|0x0000000092700000, 0x0000000092800000, 0x0000000092800000|100%| O|  |TAMS 0x0000000092700000, 0x0000000092700000| Untracked 
| 296|0x0000000092800000, 0x0000000092900000, 0x0000000092900000|100%| O|  |TAMS 0x0000000092800000, 0x0000000092800000| Untracked 
| 297|0x0000000092900000, 0x0000000092a00000, 0x0000000092a00000|100%| O|  |TAMS 0x0000000092900000, 0x0000000092900000| Untracked 
| 298|0x0000000092a00000, 0x0000000092b00000, 0x0000000092b00000|100%| O|  |TAMS 0x0000000092a00000, 0x0000000092a00000| Untracked 
| 299|0x0000000092b00000, 0x0000000092c00000, 0x0000000092c00000|100%| O|  |TAMS 0x0000000092b00000, 0x0000000092b00000| Untracked 
| 300|0x0000000092c00000, 0x0000000092d00000, 0x0000000092d00000|100%| O|  |TAMS 0x0000000092c00000, 0x0000000092c00000| Untracked 
| 301|0x0000000092d00000, 0x0000000092e00000, 0x0000000092e00000|100%| O|  |TAMS 0x0000000092d00000, 0x0000000092d00000| Untracked 
| 302|0x0000000092e00000, 0x0000000092f00000, 0x0000000092f00000|100%| O|  |TAMS 0x0000000092e00000, 0x0000000092e00000| Untracked 
| 303|0x0000000092f00000, 0x0000000093000000, 0x0000000093000000|100%| O|  |TAMS 0x0000000092f00000, 0x0000000092f00000| Untracked 
| 304|0x0000000093000000, 0x0000000093100000, 0x0000000093100000|100%| O|  |TAMS 0x0000000093000000, 0x0000000093000000| Untracked 
| 305|0x0000000093100000, 0x0000000093200000, 0x0000000093200000|100%| O|  |TAMS 0x0000000093100000, 0x0000000093100000| Untracked 
| 306|0x0000000093200000, 0x0000000093300000, 0x0000000093300000|100%| O|  |TAMS 0x0000000093200000, 0x0000000093200000| Untracked 
| 307|0x0000000093300000, 0x0000000093400000, 0x0000000093400000|100%| O|  |TAMS 0x0000000093300000, 0x0000000093300000| Untracked 
| 308|0x0000000093400000, 0x0000000093500000, 0x0000000093500000|100%| O|  |TAMS 0x0000000093400000, 0x0000000093400000| Untracked 
| 309|0x0000000093500000, 0x0000000093600000, 0x0000000093600000|100%| O|  |TAMS 0x0000000093500000, 0x0000000093500000| Untracked 
| 310|0x0000000093600000, 0x0000000093700000, 0x0000000093700000|100%| O|  |TAMS 0x0000000093600000, 0x0000000093600000| Untracked 
| 311|0x0000000093700000, 0x0000000093800000, 0x0000000093800000|100%| O|  |TAMS 0x0000000093700000, 0x0000000093700000| Untracked 
| 312|0x0000000093800000, 0x0000000093900000, 0x0000000093900000|100%| O|  |TAMS 0x0000000093800000, 0x0000000093800000| Untracked 
| 313|0x0000000093900000, 0x0000000093a00000, 0x0000000093a00000|100%| O|  |TAMS 0x0000000093900000, 0x0000000093900000| Untracked 
| 314|0x0000000093a00000, 0x0000000093b00000, 0x0000000093b00000|100%| O|  |TAMS 0x0000000093a00000, 0x0000000093a00000| Untracked 
| 315|0x0000000093b00000, 0x0000000093c00000, 0x0000000093c00000|100%| O|  |TAMS 0x0000000093b00000, 0x0000000093b00000| Untracked 
| 316|0x0000000093c00000, 0x0000000093c00000, 0x0000000093d00000|  0%| F|  |TAMS 0x0000000093c00000, 0x0000000093c00000| Untracked 
| 317|0x0000000093d00000, 0x0000000093d00000, 0x0000000093e00000|  0%| F|  |TAMS 0x0000000093d00000, 0x0000000093d00000| Untracked 
| 318|0x0000000093e00000, 0x0000000093e00000, 0x0000000093f00000|  0%| F|  |TAMS 0x0000000093e00000, 0x0000000093e00000| Untracked 
| 319|0x0000000093f00000, 0x0000000093f00000, 0x0000000094000000|  0%| F|  |TAMS 0x0000000093f00000, 0x0000000093f00000| Untracked 
| 320|0x0000000094000000, 0x0000000094100000, 0x0000000094100000|100%| O|  |TAMS 0x0000000094000000, 0x0000000094000000| Untracked 
| 321|0x0000000094100000, 0x0000000094200000, 0x0000000094200000|100%| O|  |TAMS 0x0000000094100000, 0x0000000094100000| Untracked 
| 322|0x0000000094200000, 0x0000000094300000, 0x0000000094300000|100%| O|  |TAMS 0x0000000094200000, 0x0000000094200000| Untracked 
| 323|0x0000000094300000, 0x0000000094400000, 0x0000000094400000|100%| O|  |TAMS 0x0000000094300000, 0x0000000094300000| Untracked 
| 324|0x0000000094400000, 0x0000000094500000, 0x0000000094500000|100%| O|  |TAMS 0x0000000094400000, 0x0000000094400000| Untracked 
| 325|0x0000000094500000, 0x0000000094600000, 0x0000000094600000|100%| O|  |TAMS 0x0000000094500000, 0x0000000094500000| Untracked 
| 326|0x0000000094600000, 0x0000000094700000, 0x0000000094700000|100%| O|  |TAMS 0x0000000094600000, 0x0000000094600000| Untracked 
| 327|0x0000000094700000, 0x0000000094800000, 0x0000000094800000|100%| O|  |TAMS 0x0000000094700000, 0x0000000094700000| Untracked 
| 328|0x0000000094800000, 0x0000000094900000, 0x0000000094900000|100%| O|  |TAMS 0x0000000094800000, 0x0000000094800000| Untracked 
| 329|0x0000000094900000, 0x0000000094a00000, 0x0000000094a00000|100%| O|  |TAMS 0x0000000094900000, 0x0000000094900000| Untracked 
| 330|0x0000000094a00000, 0x0000000094b00000, 0x0000000094b00000|100%| O|  |TAMS 0x0000000094a00000, 0x0000000094a00000| Untracked 
| 331|0x0000000094b00000, 0x0000000094c00000, 0x0000000094c00000|100%| O|  |TAMS 0x0000000094b00000, 0x0000000094b00000| Untracked 
| 332|0x0000000094c00000, 0x0000000094d00000, 0x0000000094d00000|100%| O|  |TAMS 0x0000000094c00000, 0x0000000094c00000| Untracked 
| 333|0x0000000094d00000, 0x0000000094e00000, 0x0000000094e00000|100%| O|  |TAMS 0x0000000094d00000, 0x0000000094d00000| Untracked 
| 334|0x0000000094e00000, 0x0000000094efe200, 0x0000000094f00000| 99%| O|  |TAMS 0x0000000094e00000, 0x0000000094e00000| Untracked 
| 335|0x0000000094f00000, 0x0000000094f00000, 0x0000000095000000|  0%| F|  |TAMS 0x0000000094f00000, 0x0000000094f00000| Untracked 
| 336|0x0000000095000000, 0x0000000095000000, 0x0000000095100000|  0%| F|  |TAMS 0x0000000095000000, 0x0000000095000000| Untracked 
| 337|0x0000000095100000, 0x0000000095100000, 0x0000000095200000|  0%| F|  |TAMS 0x0000000095100000, 0x0000000095100000| Untracked 
| 338|0x0000000095200000, 0x0000000095200000, 0x0000000095300000|  0%| F|  |TAMS 0x0000000095200000, 0x0000000095200000| Untracked 
| 339|0x0000000095300000, 0x0000000095300000, 0x0000000095400000|  0%| F|  |TAMS 0x0000000095300000, 0x0000000095300000| Untracked 
| 340|0x0000000095400000, 0x0000000095400000, 0x0000000095500000|  0%| F|  |TAMS 0x0000000095400000, 0x0000000095400000| Untracked 
| 341|0x0000000095500000, 0x0000000095500000, 0x0000000095600000|  0%| F|  |TAMS 0x0000000095500000, 0x0000000095500000| Untracked 
| 342|0x0000000095600000, 0x0000000095600000, 0x0000000095700000|  0%| F|  |TAMS 0x0000000095600000, 0x0000000095600000| Untracked 
| 343|0x0000000095700000, 0x0000000095700000, 0x0000000095800000|  0%| F|  |TAMS 0x0000000095700000, 0x0000000095700000| Untracked 
| 344|0x0000000095800000, 0x0000000095800000, 0x0000000095900000|  0%| F|  |TAMS 0x0000000095800000, 0x0000000095800000| Untracked 
| 345|0x0000000095900000, 0x0000000095900000, 0x0000000095a00000|  0%| F|  |TAMS 0x0000000095900000, 0x0000000095900000| Untracked 
| 346|0x0000000095a00000, 0x0000000095a00000, 0x0000000095b00000|  0%| F|  |TAMS 0x0000000095a00000, 0x0000000095a00000| Untracked 
| 347|0x0000000095b00000, 0x0000000095b00000, 0x0000000095c00000|  0%| F|  |TAMS 0x0000000095b00000, 0x0000000095b00000| Untracked 
| 348|0x0000000095c00000, 0x0000000095c00000, 0x0000000095d00000|  0%| F|  |TAMS 0x0000000095c00000, 0x0000000095c00000| Untracked 
| 349|0x0000000095d00000, 0x0000000095d00000, 0x0000000095e00000|  0%| F|  |TAMS 0x0000000095d00000, 0x0000000095d00000| Untracked 
| 350|0x0000000095e00000, 0x0000000095e00000, 0x0000000095f00000|  0%| F|  |TAMS 0x0000000095e00000, 0x0000000095e00000| Untracked 
| 351|0x0000000095f00000, 0x0000000095f00000, 0x0000000096000000|  0%| F|  |TAMS 0x0000000095f00000, 0x0000000095f00000| Untracked 
| 352|0x0000000096000000, 0x0000000096000000, 0x0000000096100000|  0%| F|  |TAMS 0x0000000096000000, 0x0000000096000000| Untracked 
| 353|0x0000000096100000, 0x0000000096100000, 0x0000000096200000|  0%| F|  |TAMS 0x0000000096100000, 0x0000000096100000| Untracked 
| 354|0x0000000096200000, 0x0000000096200000, 0x0000000096300000|  0%| F|  |TAMS 0x0000000096200000, 0x0000000096200000| Untracked 
| 355|0x0000000096300000, 0x0000000096300000, 0x0000000096400000|  0%| F|  |TAMS 0x0000000096300000, 0x0000000096300000| Untracked 
| 356|0x0000000096400000, 0x0000000096400000, 0x0000000096500000|  0%| F|  |TAMS 0x0000000096400000, 0x0000000096400000| Untracked 
| 357|0x0000000096500000, 0x0000000096500000, 0x0000000096600000|  0%| F|  |TAMS 0x0000000096500000, 0x0000000096500000| Untracked 
| 358|0x0000000096600000, 0x0000000096600000, 0x0000000096700000|  0%| F|  |TAMS 0x0000000096600000, 0x0000000096600000| Untracked 
| 359|0x0000000096700000, 0x0000000096700000, 0x0000000096800000|  0%| F|  |TAMS 0x0000000096700000, 0x0000000096700000| Untracked 
| 360|0x0000000096800000, 0x0000000096800000, 0x0000000096900000|  0%| F|  |TAMS 0x0000000096800000, 0x0000000096800000| Untracked 
| 361|0x0000000096900000, 0x0000000096900000, 0x0000000096a00000|  0%| F|  |TAMS 0x0000000096900000, 0x0000000096900000| Untracked 
| 362|0x0000000096a00000, 0x0000000096a00000, 0x0000000096b00000|  0%| F|  |TAMS 0x0000000096a00000, 0x0000000096a00000| Untracked 
| 363|0x0000000096b00000, 0x0000000096b00000, 0x0000000096c00000|  0%| F|  |TAMS 0x0000000096b00000, 0x0000000096b00000| Untracked 
| 364|0x0000000096c00000, 0x0000000096c00000, 0x0000000096d00000|  0%| F|  |TAMS 0x0000000096c00000, 0x0000000096c00000| Untracked 
| 365|0x0000000096d00000, 0x0000000096d00000, 0x0000000096e00000|  0%| F|  |TAMS 0x0000000096d00000, 0x0000000096d00000| Untracked 
| 366|0x0000000096e00000, 0x0000000096e00000, 0x0000000096f00000|  0%| F|  |TAMS 0x0000000096e00000, 0x0000000096e00000| Untracked 
| 367|0x0000000096f00000, 0x0000000096f00000, 0x0000000097000000|  0%| F|  |TAMS 0x0000000096f00000, 0x0000000096f00000| Untracked 
| 368|0x0000000097000000, 0x0000000097000000, 0x0000000097100000|  0%| F|  |TAMS 0x0000000097000000, 0x0000000097000000| Untracked 
| 369|0x0000000097100000, 0x0000000097100000, 0x0000000097200000|  0%| F|  |TAMS 0x0000000097100000, 0x0000000097100000| Untracked 
| 370|0x0000000097200000, 0x0000000097200000, 0x0000000097300000|  0%| F|  |TAMS 0x0000000097200000, 0x0000000097200000| Untracked 
| 371|0x0000000097300000, 0x0000000097300000, 0x0000000097400000|  0%| F|  |TAMS 0x0000000097300000, 0x0000000097300000| Untracked 
| 372|0x0000000097400000, 0x0000000097400000, 0x0000000097500000|  0%| F|  |TAMS 0x0000000097400000, 0x0000000097400000| Untracked 
| 373|0x0000000097500000, 0x0000000097500000, 0x0000000097600000|  0%| F|  |TAMS 0x0000000097500000, 0x0000000097500000| Untracked 
| 374|0x0000000097600000, 0x0000000097600000, 0x0000000097700000|  0%| F|  |TAMS 0x0000000097600000, 0x0000000097600000| Untracked 
| 375|0x0000000097700000, 0x0000000097700000, 0x0000000097800000|  0%| F|  |TAMS 0x0000000097700000, 0x0000000097700000| Untracked 
| 376|0x0000000097800000, 0x0000000097800000, 0x0000000097900000|  0%| F|  |TAMS 0x0000000097800000, 0x0000000097800000| Untracked 
| 377|0x0000000097900000, 0x0000000097900000, 0x0000000097a00000|  0%| F|  |TAMS 0x0000000097900000, 0x0000000097900000| Untracked 
| 378|0x0000000097a00000, 0x0000000097a00000, 0x0000000097b00000|  0%| F|  |TAMS 0x0000000097a00000, 0x0000000097a00000| Untracked 
| 379|0x0000000097b00000, 0x0000000097b00000, 0x0000000097c00000|  0%| F|  |TAMS 0x0000000097b00000, 0x0000000097b00000| Untracked 
| 380|0x0000000097c00000, 0x0000000097ce2200, 0x0000000097d00000| 88%| S|CS|TAMS 0x0000000097c00000, 0x0000000097c00000| Complete 
| 381|0x0000000097d00000, 0x0000000097e00000, 0x0000000097e00000|100%| S|CS|TAMS 0x0000000097d00000, 0x0000000097d00000| Complete 
| 382|0x0000000097e00000, 0x0000000097f00000, 0x0000000097f00000|100%| S|CS|TAMS 0x0000000097e00000, 0x0000000097e00000| Complete 
| 383|0x0000000097f00000, 0x0000000097f00000, 0x0000000098000000|  0%| F|  |TAMS 0x0000000097f00000, 0x0000000097f00000| Untracked 
| 384|0x0000000098000000, 0x0000000098000000, 0x0000000098100000|  0%| F|  |TAMS 0x0000000098000000, 0x0000000098000000| Untracked 
| 385|0x0000000098100000, 0x0000000098100000, 0x0000000098200000|  0%| F|  |TAMS 0x0000000098100000, 0x0000000098100000| Untracked 
| 386|0x0000000098200000, 0x0000000098200000, 0x0000000098300000|  0%| F|  |TAMS 0x0000000098200000, 0x0000000098200000| Untracked 
| 387|0x0000000098300000, 0x0000000098300000, 0x0000000098400000|  0%| F|  |TAMS 0x0000000098300000, 0x0000000098300000| Untracked 
| 388|0x0000000098400000, 0x0000000098400000, 0x0000000098500000|  0%| F|  |TAMS 0x0000000098400000, 0x0000000098400000| Untracked 
| 389|0x0000000098500000, 0x0000000098500000, 0x0000000098600000|  0%| F|  |TAMS 0x0000000098500000, 0x0000000098500000| Untracked 
| 390|0x0000000098600000, 0x0000000098600000, 0x0000000098700000|  0%| F|  |TAMS 0x0000000098600000, 0x0000000098600000| Untracked 
| 391|0x0000000098700000, 0x0000000098700000, 0x0000000098800000|  0%| F|  |TAMS 0x0000000098700000, 0x0000000098700000| Untracked 
| 392|0x0000000098800000, 0x0000000098800000, 0x0000000098900000|  0%| F|  |TAMS 0x0000000098800000, 0x0000000098800000| Untracked 
| 393|0x0000000098900000, 0x0000000098900000, 0x0000000098a00000|  0%| F|  |TAMS 0x0000000098900000, 0x0000000098900000| Untracked 
| 394|0x0000000098a00000, 0x0000000098a00000, 0x0000000098b00000|  0%| F|  |TAMS 0x0000000098a00000, 0x0000000098a00000| Untracked 
| 395|0x0000000098b00000, 0x0000000098b00000, 0x0000000098c00000|  0%| F|  |TAMS 0x0000000098b00000, 0x0000000098b00000| Untracked 
| 396|0x0000000098c00000, 0x0000000098c00000, 0x0000000098d00000|  0%| F|  |TAMS 0x0000000098c00000, 0x0000000098c00000| Untracked 
| 397|0x0000000098d00000, 0x0000000098d03c80, 0x0000000098e00000|  1%| E|  |TAMS 0x0000000098d00000, 0x0000000098d00000| Complete 
| 398|0x0000000098e00000, 0x0000000098f00000, 0x0000000098f00000|100%| E|CS|TAMS 0x0000000098e00000, 0x0000000098e00000| Complete 
| 399|0x0000000098f00000, 0x0000000099000000, 0x0000000099000000|100%| E|CS|TAMS 0x0000000098f00000, 0x0000000098f00000| Complete 
| 400|0x0000000099000000, 0x0000000099100000, 0x0000000099100000|100%| E|CS|TAMS 0x0000000099000000, 0x0000000099000000| Complete 
| 401|0x0000000099100000, 0x0000000099200000, 0x0000000099200000|100%| E|CS|TAMS 0x0000000099100000, 0x0000000099100000| Complete 
| 402|0x0000000099200000, 0x0000000099300000, 0x0000000099300000|100%| E|CS|TAMS 0x0000000099200000, 0x0000000099200000| Complete 
| 403|0x0000000099300000, 0x0000000099400000, 0x0000000099400000|100%| E|CS|TAMS 0x0000000099300000, 0x0000000099300000| Complete 
| 404|0x0000000099400000, 0x0000000099500000, 0x0000000099500000|100%| E|CS|TAMS 0x0000000099400000, 0x0000000099400000| Complete 
| 405|0x0000000099500000, 0x0000000099600000, 0x0000000099600000|100%| E|CS|TAMS 0x0000000099500000, 0x0000000099500000| Complete 
| 406|0x0000000099600000, 0x0000000099700000, 0x0000000099700000|100%| E|CS|TAMS 0x0000000099600000, 0x0000000099600000| Complete 
| 407|0x0000000099700000, 0x0000000099800000, 0x0000000099800000|100%| E|CS|TAMS 0x0000000099700000, 0x0000000099700000| Complete 
| 408|0x0000000099800000, 0x0000000099900000, 0x0000000099900000|100%| E|CS|TAMS 0x0000000099800000, 0x0000000099800000| Complete 
| 409|0x0000000099900000, 0x0000000099a00000, 0x0000000099a00000|100%| E|CS|TAMS 0x0000000099900000, 0x0000000099900000| Complete 

Card table byte_map: [0x0000027ee7320000,0x0000027ee7720000] _byte_map_base: 0x0000027ee6f20000

Marking Bits (Prev, Next): (CMBitMap*) 0x0000027ed011bea0, (CMBitMap*) 0x0000027ed011be60
 Prev Bits: [0x0000027ee9b20000, 0x0000027eebb20000)
 Next Bits: [0x0000027ee7b20000, 0x0000027ee9b20000)

Polling page: 0x0000027ecdf80000

Metaspace:

Usage:
  Non-class:     91.08 MB used.
      Class:     14.82 MB used.
       Both:    105.90 MB used.

Virtual space:
  Non-class space:      128.00 MB reserved,      92.12 MB ( 72%) committed,  2 nodes.
      Class space:      416.00 MB reserved,      15.69 MB (  4%) committed,  1 nodes.
             Both:      544.00 MB reserved,     107.81 MB ( 20%) committed. 

Chunk freelists:
   Non-Class:  3.16 MB
       Class:  280.00 KB
        Both:  3.43 MB

MaxMetaspaceSize: 512.00 MB
CompressedClassSpaceSize: 416.00 MB
Initial GC threshold: 21.00 MB
Current GC threshold: 149.19 MB
CDS: on
MetaspaceReclaimPolicy: balanced
 - commit_granule_bytes: 65536.
 - commit_granule_words: 8192.
 - virtual_space_node_default_size: 8388608.
 - enlarge_chunks_in_place: 1.
 - new_chunks_are_fully_committed: 0.
 - uncommit_free_chunks: 1.
 - use_allocation_guard: 0.
 - handle_deallocations: 1.


Internal statistics:

num_allocs_failed_limit: 6.
num_arena_births: 2332.
num_arena_deaths: 0.
num_vsnodes_births: 3.
num_vsnodes_deaths: 0.
num_space_committed: 1725.
num_space_uncommitted: 0.
num_chunks_returned_to_freelist: 6.
num_chunks_taken_from_freelist: 7550.
num_chunk_merges: 6.
num_chunk_splits: 4664.
num_chunks_enlarged: 2649.
num_inconsistent_stats: 0.

CodeHeap 'non-profiled nmethods': size=120000Kb used=12938Kb max_used=12938Kb free=107061Kb
 bounds [0x0000027edf6c0000, 0x0000027ee0370000, 0x0000027ee6bf0000]
CodeHeap 'profiled nmethods': size=120000Kb used=31919Kb max_used=31919Kb free=88080Kb
 bounds [0x0000027ed7bf0000, 0x0000027ed9b20000, 0x0000027edf120000]
CodeHeap 'non-nmethods': size=5760Kb used=2424Kb max_used=2508Kb free=3335Kb
 bounds [0x0000027edf120000, 0x0000027edf3a0000, 0x0000027edf6c0000]
 total_blobs=17440 nmethods=16487 adapters=864
 compilation: enabled
              stopped_count=0, restarted_count=0
 full_count=0

Compilation events (20 events):
Event: 68.666 Thread 0x0000027eee25cb60 19633       2       org.gradle.execution.plan.MissingTaskDependencyDetector$$Lambda$1563/0x0000027e8193d918::test (16 bytes)
Event: 68.666 Thread 0x0000027eee25cb60 nmethod 19633 0x0000027ed9b11690 code [0x0000027ed9b11840, 0x0000027ed9b11a18]
Event: 68.666 Thread 0x0000027eee25cb60 19634       2       org.gradle.execution.plan.MissingTaskDependencyDetector::lambda$collectValidationProblemsForConsumer$3 (7 bytes)
Event: 68.666 Thread 0x0000027eee25cb60 nmethod 19634 0x0000027ed9b11b90 code [0x0000027ed9b11d40, 0x0000027ed9b11ed8]
Event: 68.673 Thread 0x0000027eee25cb60 19635       2       org.gradle.internal.execution.steps.SkipUpToDateStep$1::getOutcome (4 bytes)
Event: 68.674 Thread 0x0000027eee25cb60 nmethod 19635 0x0000027ed9b12010 code [0x0000027ed9b121a0, 0x0000027ed9b122b8]
Event: 68.686 Thread 0x0000027eee25cb60 19636       2       com.android.build.gradle.tasks.MergeResources_Decorated::getOutputDir (44 bytes)
Event: 68.687 Thread 0x0000027eee25cb60 nmethod 19636 0x0000027ed9b12390 code [0x0000027ed9b12580, 0x0000027ed9b12998]
Event: 68.689 Thread 0x0000027eee25cb60 19637       2       jdk.internal.reflect.ClassFileAssembler::opc_ifnull (37 bytes)
Event: 68.690 Thread 0x0000027eee25cb60 nmethod 19637 0x0000027ed9b12c10 code [0x0000027ed9b12de0, 0x0000027ed9b13138]
Event: 68.694 Thread 0x0000027eee25cb60 19638       2       org.gradle.api.internal.file.collections.DefaultConfigurableFileCollection::implicitFinalizeValue (18 bytes)
Event: 68.695 Thread 0x0000027eee25cb60 nmethod 19638 0x0000027ed9b13410 code [0x0000027ed9b135a0, 0x0000027ed9b13718]
Event: 68.696 Thread 0x0000027eee25cb60 19639       2       org.gradle.api.internal.file.collections.DefaultConfigurableFileCollection$$Lambda$1556/0x0000027e81934a58::<init> (15 bytes)
Event: 68.696 Thread 0x0000027eee25cb60 nmethod 19639 0x0000027ed9b13790 code [0x0000027ed9b13920, 0x0000027ed9b13ad8]
Event: 68.696 Thread 0x0000027eee25cb60 19640       2       org.gradle.api.internal.file.collections.DefaultConfigurableFileCollection$ResolvedItemsCollector::<init> (10 bytes)
Event: 68.696 Thread 0x0000027eee25cb60 nmethod 19640 0x0000027ed9b13b90 code [0x0000027ed9b13d20, 0x0000027ed9b13e78]
Event: 68.696 Thread 0x0000027eee25cb60 19641       1       org.gradle.internal.fingerprint.FileCollectionFingerprint$1::wasCreatedWithStrategy (2 bytes)
Event: 68.696 Thread 0x0000027eee25cb60 nmethod 19641 0x0000027ee0362310 code [0x0000027ee03624a0, 0x0000027ee0362578]
Event: 68.704 Thread 0x0000027eee25cb60 19642       3       com.google.common.cache.LocalCache$AccessQueue::iterator (13 bytes)
Event: 68.704 Thread 0x0000027eee25cb60 nmethod 19642 0x0000027ed9b13f10 code [0x0000027ed9b140e0, 0x0000027ed9b14608]

GC Heap History (20 events):
Event: 63.694 GC heap before
{Heap before GC invocations=92 (full 0):
 garbage-first heap   total 349184K, used 320512K [0x0000000080000000, 0x0000000100000000)
  region size 1024K, 17 young (17408K), 3 survivors (3072K)
 Metaspace       used 107350K, committed 109184K, reserved 557056K
  class space    used 15089K, committed 15936K, reserved 425984K
}
Event: 63.700 GC heap after
{Heap after GC invocations=93 (full 0):
 garbage-first heap   total 419840K, used 309230K [0x0000000080000000, 0x0000000100000000)
  region size 1024K, 3 young (3072K), 3 survivors (3072K)
 Metaspace       used 107350K, committed 109184K, reserved 557056K
  class space    used 15089K, committed 15936K, reserved 425984K
}
Event: 64.426 GC heap before
{Heap before GC invocations=93 (full 0):
 garbage-first heap   total 419840K, used 361454K [0x0000000080000000, 0x0000000100000000)
  region size 1024K, 55 young (56320K), 3 survivors (3072K)
 Metaspace       used 107745K, committed 109632K, reserved 557056K
  class space    used 15099K, committed 16000K, reserved 425984K
}
Event: 64.435 GC heap after
{Heap after GC invocations=94 (full 0):
 garbage-first heap   total 419840K, used 314016K [0x0000000080000000, 0x0000000100000000)
  region size 1024K, 7 young (7168K), 7 survivors (7168K)
 Metaspace       used 107745K, committed 109632K, reserved 557056K
  class space    used 15099K, committed 16000K, reserved 425984K
}
Event: 65.268 GC heap before
{Heap before GC invocations=94 (full 0):
 garbage-first heap   total 419840K, used 362144K [0x0000000080000000, 0x0000000100000000)
  region size 1024K, 55 young (56320K), 7 survivors (7168K)
 Metaspace       used 108022K, committed 109888K, reserved 557056K
  class space    used 15142K, committed 16000K, reserved 425984K
}
Event: 65.276 GC heap after
{Heap after GC invocations=95 (full 0):
 garbage-first heap   total 419840K, used 316916K [0x0000000080000000, 0x0000000100000000)
  region size 1024K, 4 young (4096K), 4 survivors (4096K)
 Metaspace       used 108022K, committed 109888K, reserved 557056K
  class space    used 15142K, committed 16000K, reserved 425984K
}
Event: 66.065 GC heap before
{Heap before GC invocations=95 (full 0):
 garbage-first heap   total 419840K, used 362996K [0x0000000080000000, 0x0000000100000000)
  region size 1024K, 50 young (51200K), 4 survivors (4096K)
 Metaspace       used 108179K, committed 110144K, reserved 557056K
  class space    used 15155K, committed 16064K, reserved 425984K
}
Event: 66.073 GC heap after
{Heap after GC invocations=96 (full 0):
 garbage-first heap   total 419840K, used 324608K [0x0000000080000000, 0x0000000100000000)
  region size 1024K, 7 young (7168K), 7 survivors (7168K)
 Metaspace       used 108179K, committed 110144K, reserved 557056K
  class space    used 15155K, committed 16064K, reserved 425984K
}
Event: 66.531 GC heap before
{Heap before GC invocations=96 (full 0):
 garbage-first heap   total 419840K, used 363520K [0x0000000080000000, 0x0000000100000000)
  region size 1024K, 46 young (47104K), 7 survivors (7168K)
 Metaspace       used 108181K, committed 110144K, reserved 557056K
  class space    used 15155K, committed 16064K, reserved 425984K
}
Event: 66.537 GC heap after
{Heap after GC invocations=97 (full 0):
 garbage-first heap   total 419840K, used 327588K [0x0000000080000000, 0x0000000100000000)
  region size 1024K, 4 young (4096K), 4 survivors (4096K)
 Metaspace       used 108181K, committed 110144K, reserved 557056K
  class space    used 15155K, committed 16064K, reserved 425984K
}
Event: 67.020 GC heap before
{Heap before GC invocations=97 (full 0):
 garbage-first heap   total 419840K, used 368548K [0x0000000080000000, 0x0000000100000000)
  region size 1024K, 41 young (41984K), 4 survivors (4096K)
 Metaspace       used 108182K, committed 110144K, reserved 557056K
  class space    used 15155K, committed 16064K, reserved 425984K
}
Event: 67.026 GC heap after
{Heap after GC invocations=98 (full 0):
 garbage-first heap   total 419840K, used 333798K [0x0000000080000000, 0x0000000100000000)
  region size 1024K, 5 young (5120K), 5 survivors (5120K)
 Metaspace       used 108182K, committed 110144K, reserved 557056K
  class space    used 15155K, committed 16064K, reserved 425984K
}
Event: 67.397 GC heap before
{Heap before GC invocations=98 (full 0):
 garbage-first heap   total 419840K, used 365542K [0x0000000080000000, 0x0000000100000000)
  region size 1024K, 37 young (37888K), 5 survivors (5120K)
 Metaspace       used 108189K, committed 110144K, reserved 557056K
  class space    used 15155K, committed 16064K, reserved 425984K
}
Event: 67.402 GC heap after
{Heap after GC invocations=99 (full 0):
 garbage-first heap   total 419840K, used 331524K [0x0000000080000000, 0x0000000100000000)
  region size 1024K, 4 young (4096K), 4 survivors (4096K)
 Metaspace       used 108189K, committed 110144K, reserved 557056K
  class space    used 15155K, committed 16064K, reserved 425984K
}
Event: 67.987 GC heap before
{Heap before GC invocations=99 (full 0):
 garbage-first heap   total 419840K, used 369412K [0x0000000080000000, 0x0000000100000000)
  region size 1024K, 38 young (38912K), 4 survivors (4096K)
 Metaspace       used 108292K, committed 110208K, reserved 557056K
  class space    used 15166K, committed 16064K, reserved 425984K
}
Event: 67.993 GC heap after
{Heap after GC invocations=100 (full 0):
 garbage-first heap   total 419840K, used 335120K [0x0000000080000000, 0x0000000100000000)
  region size 1024K, 5 young (5120K), 5 survivors (5120K)
 Metaspace       used 108292K, committed 110208K, reserved 557056K
  class space    used 15166K, committed 16064K, reserved 425984K
}
Event: 68.332 GC heap before
{Heap before GC invocations=100 (full 0):
 garbage-first heap   total 419840K, used 369936K [0x0000000080000000, 0x0000000100000000)
  region size 1024K, 36 young (36864K), 5 survivors (5120K)
 Metaspace       used 108356K, committed 110272K, reserved 557056K
  class space    used 15170K, committed 16064K, reserved 425984K
}
Event: 68.338 GC heap after
{Heap after GC invocations=101 (full 0):
 garbage-first heap   total 419840K, used 339297K [0x0000000080000000, 0x0000000100000000)
  region size 1024K, 5 young (5120K), 5 survivors (5120K)
 Metaspace       used 108356K, committed 110272K, reserved 557056K
  class space    used 15170K, committed 16064K, reserved 425984K
}
Event: 68.478 GC heap before
{Heap before GC invocations=101 (full 0):
 garbage-first heap   total 419840K, used 370017K [0x0000000080000000, 0x0000000100000000)
  region size 1024K, 32 young (32768K), 5 survivors (5120K)
 Metaspace       used 108360K, committed 110272K, reserved 557056K
  class space    used 15170K, committed 16064K, reserved 425984K
}
Event: 68.484 GC heap after
{Heap after GC invocations=102 (full 0):
 garbage-first heap   total 419840K, used 341889K [0x0000000080000000, 0x0000000100000000)
  region size 1024K, 3 young (3072K), 3 survivors (3072K)
 Metaspace       used 108360K, committed 110272K, reserved 557056K
  class space    used 15170K, committed 16064K, reserved 425984K
}

Dll operation events (15 events):
Event: 0.012 Loaded shared library C:\Program Files\Microsoft\jdk-17.0.13.11-hotspot\bin\java.dll
Event: 0.029 Loaded shared library C:\Program Files\Microsoft\jdk-17.0.13.11-hotspot\bin\jsvml.dll
Event: 0.071 Loaded shared library C:\Program Files\Microsoft\jdk-17.0.13.11-hotspot\bin\zip.dll
Event: 0.075 Loaded shared library C:\Program Files\Microsoft\jdk-17.0.13.11-hotspot\bin\instrument.dll
Event: 0.080 Loaded shared library C:\Program Files\Microsoft\jdk-17.0.13.11-hotspot\bin\net.dll
Event: 0.082 Loaded shared library C:\Program Files\Microsoft\jdk-17.0.13.11-hotspot\bin\nio.dll
Event: 0.085 Loaded shared library C:\Program Files\Microsoft\jdk-17.0.13.11-hotspot\bin\zip.dll
Event: 0.260 Loaded shared library C:\Program Files\Microsoft\jdk-17.0.13.11-hotspot\bin\jimage.dll
Event: 0.331 Loaded shared library C:\Program Files\Microsoft\jdk-17.0.13.11-hotspot\bin\verify.dll
Event: 0.582 Loaded shared library C:\Users\hp\.gradle\native\68d5fa5c4cc2d200863cafc0d521ce42e7d3e7ee720ec0a83991735586a16f82\windows-amd64\native-platform.dll
Event: 0.595 Loaded shared library C:\Users\hp\.gradle\native\e376f236ea51e6404a007f0833ffe2c6e607c4080706a723a18a27aeea778392\windows-amd64\native-platform-file-events.dll
Event: 1.950 Loaded shared library C:\Program Files\Microsoft\jdk-17.0.13.11-hotspot\bin\management.dll
Event: 1.953 Loaded shared library C:\Program Files\Microsoft\jdk-17.0.13.11-hotspot\bin\management_ext.dll
Event: 2.159 Loaded shared library C:\Program Files\Microsoft\jdk-17.0.13.11-hotspot\bin\extnet.dll
Event: 2.367 Loaded shared library C:\Program Files\Microsoft\jdk-17.0.13.11-hotspot\bin\sunmscapi.dll

Deoptimization events (20 events):
Event: 68.514 Thread 0x0000027ef599a390 Uncommon trap: trap_request=0xffffffde fr.pc=0x0000027ee022bcb0 relative=0x0000000000003e90
Event: 68.514 Thread 0x0000027ef599a390 Uncommon trap: reason=class_check action=maybe_recompile pc=0x0000027ee022bcb0 method=org.gradle.api.internal.artifacts.transform.AttributeMatchingVariantSelector.doSelect(Lorg/gradle/api/internal/artifacts/ivyservice/resolveengine/artifact/ResolvedVarian
Event: 68.514 Thread 0x0000027ef599a390 DEOPT PACKING pc=0x0000027ee022bcb0 sp=0x000000e0162fc120
Event: 68.514 Thread 0x0000027ef599a390 DEOPT UNPACKING pc=0x0000027edf1769a3 sp=0x000000e0162fc1a8 mode 2
Event: 68.514 Thread 0x0000027ef599a390 Uncommon trap: trap_request=0xffffffde fr.pc=0x0000027ee01db104 relative=0x0000000000003784
Event: 68.514 Thread 0x0000027ef599a390 Uncommon trap: reason=class_check action=maybe_recompile pc=0x0000027ee01db104 method=org.gradle.api.internal.artifacts.transform.ConsumerProvidedVariantFinder$TransformCache.query(Ljava/util/List;Lorg/gradle/api/internal/attributes/ImmutableAttributes;)L
Event: 68.514 Thread 0x0000027ef599a390 DEOPT PACKING pc=0x0000027ee01db104 sp=0x000000e0162fc020
Event: 68.514 Thread 0x0000027ef599a390 DEOPT UNPACKING pc=0x0000027edf1769a3 sp=0x000000e0162fc028 mode 2
Event: 68.514 Thread 0x0000027ef599a390 Uncommon trap: trap_request=0xffffffc6 fr.pc=0x0000027edff1b868 relative=0x0000000000000ea8
Event: 68.514 Thread 0x0000027ef599a390 Uncommon trap: reason=bimorphic_or_optimized_type_check action=maybe_recompile pc=0x0000027edff1b868 method=org.gradle.api.internal.artifacts.ivyservice.resolveengine.artifact.CompositeResolvedArtifactSet.of(Ljava/util/Collection;)Lorg/gradle/api/internal
Event: 68.514 Thread 0x0000027ef599a390 DEOPT PACKING pc=0x0000027edff1b868 sp=0x000000e0162fc260
Event: 68.514 Thread 0x0000027ef599a390 DEOPT UNPACKING pc=0x0000027edf1769a3 sp=0x000000e0162fc230 mode 2
Event: 68.514 Thread 0x0000027ef599a390 Uncommon trap: trap_request=0xffffffde fr.pc=0x0000027edfd05e7c relative=0x00000000000009bc
Event: 68.514 Thread 0x0000027ef599a390 Uncommon trap: reason=class_check action=maybe_recompile pc=0x0000027edfd05e7c method=org.gradle.api.internal.artifacts.transform.TransformingAsyncArtifactListener$TransformedArtifact.prepareForVisitingIfNotAlready()V @ 4 c2
Event: 68.514 Thread 0x0000027ef599a390 DEOPT PACKING pc=0x0000027edfd05e7c sp=0x000000e0162fc1c0
Event: 68.514 Thread 0x0000027ef599a390 DEOPT UNPACKING pc=0x0000027edf1769a3 sp=0x000000e0162fc1a8 mode 2
Event: 68.514 Thread 0x0000027ef599a390 Uncommon trap: trap_request=0xffffffc6 fr.pc=0x0000027edff4a288 relative=0x0000000000001568
Event: 68.514 Thread 0x0000027ef599a390 Uncommon trap: reason=bimorphic_or_optimized_type_check action=maybe_recompile pc=0x0000027edff4a288 method=org.gradle.api.internal.artifacts.DefaultResolvableArtifact.transformedTo(Ljava/io/File;)Lorg/gradle/api/internal/artifacts/ivyservice/resolveengin
Event: 68.514 Thread 0x0000027ef599a390 DEOPT PACKING pc=0x0000027edff4a288 sp=0x000000e0162fc4f0
Event: 68.514 Thread 0x0000027ef599a390 DEOPT UNPACKING pc=0x0000027edf1769a3 sp=0x000000e0162fc4c0 mode 2

Classes loaded (20 events):
Event: 58.418 Loading class java/util/EnumMap$EntryIterator$Entry
Event: 58.419 Loading class java/util/EnumMap$EntryIterator$Entry done
Event: 58.433 Loading class jdk/internal/reflect/UnsafeBooleanFieldAccessorImpl
Event: 58.436 Loading class jdk/internal/reflect/UnsafeBooleanFieldAccessorImpl done
Event: 65.114 Loading class java/io/BufferedWriterBeanInfo
Event: 65.114 Loading class java/io/BufferedWriterBeanInfo done
Event: 65.114 Loading class java/io/BufferedWriterBeanInfo
Event: 65.114 Loading class java/io/BufferedWriterBeanInfo done
Event: 65.114 Loading class java/io/WriterBeanInfo
Event: 65.114 Loading class java/io/WriterBeanInfo done
Event: 65.115 Loading class java/io/WriterBeanInfo
Event: 65.115 Loading class java/io/WriterBeanInfo done
Event: 65.115 Loading class java/io/WriterCustomizer
Event: 65.115 Loading class java/io/WriterCustomizer done
Event: 65.115 Loading class java/io/WriterCustomizer
Event: 65.115 Loading class java/io/WriterCustomizer done
Event: 65.115 Loading class java/io/BufferedWriterCustomizer
Event: 65.115 Loading class java/io/BufferedWriterCustomizer done
Event: 65.115 Loading class java/io/BufferedWriterCustomizer
Event: 65.115 Loading class java/io/BufferedWriterCustomizer done

Classes unloaded (0 events):
No events

Classes redefined (0 events):
No events

Internal exceptions (20 events):
Event: 67.629 Thread 0x0000027ef599d120 Exception <a 'sun/nio/fs/WindowsException'{0x0000000099468aa8}> (0x0000000099468aa8) 
thrown [s\src\hotspot\share\prims\jni.cpp, line 516]
Event: 67.655 Thread 0x0000027ef599a390 Exception <a 'sun/nio/fs/WindowsException'{0x00000000994f3ea8}> (0x00000000994f3ea8) 
thrown [s\src\hotspot\share\prims\jni.cpp, line 516]
Event: 67.683 Thread 0x0000027ef599a390 Exception <a 'sun/nio/fs/WindowsException'{0x000000009935ac90}> (0x000000009935ac90) 
thrown [s\src\hotspot\share\prims\jni.cpp, line 516]
Event: 67.717 Thread 0x0000027ef599a390 Exception <a 'sun/nio/fs/WindowsException'{0x00000000993d2d60}> (0x00000000993d2d60) 
thrown [s\src\hotspot\share\prims\jni.cpp, line 516]
Event: 67.758 Thread 0x0000027ef599a390 Exception <a 'sun/nio/fs/WindowsException'{0x0000000099253420}> (0x0000000099253420) 
thrown [s\src\hotspot\share\prims\jni.cpp, line 516]
Event: 67.770 Thread 0x0000027ef599e050 Exception <a 'sun/nio/fs/WindowsException'{0x00000000992bc870}> (0x00000000992bc870) 
thrown [s\src\hotspot\share\prims\jni.cpp, line 516]
Event: 67.782 Thread 0x0000027ef599e050 Exception <a 'sun/nio/fs/WindowsException'{0x0000000099118ee8}> (0x0000000099118ee8) 
thrown [s\src\hotspot\share\prims\jni.cpp, line 516]
Event: 67.796 Thread 0x0000027ef599e050 Exception <a 'sun/nio/fs/WindowsException'{0x000000009919b658}> (0x000000009919b658) 
thrown [s\src\hotspot\share\prims\jni.cpp, line 516]
Event: 67.805 Thread 0x0000027ef599e050 Exception <a 'sun/nio/fs/WindowsException'{0x0000000099017870}> (0x0000000099017870) 
thrown [s\src\hotspot\share\prims\jni.cpp, line 516]
Event: 67.814 Thread 0x0000027ef599e050 Exception <a 'sun/nio/fs/WindowsException'{0x000000009909fe00}> (0x000000009909fe00) 
thrown [s\src\hotspot\share\prims\jni.cpp, line 516]
Event: 67.821 Thread 0x0000027ef599e050 Exception <a 'sun/nio/fs/WindowsException'{0x00000000990f9a60}> (0x00000000990f9a60) 
thrown [s\src\hotspot\share\prims\jni.cpp, line 516]
Event: 67.829 Thread 0x0000027ef599e050 Exception <a 'sun/nio/fs/WindowsException'{0x0000000098f5d8b8}> (0x0000000098f5d8b8) 
thrown [s\src\hotspot\share\prims\jni.cpp, line 516]
Event: 67.837 Thread 0x0000027ef5999970 Exception <a 'sun/nio/fs/WindowsException'{0x0000000098fc5908}> (0x0000000098fc5908) 
thrown [s\src\hotspot\share\prims\jni.cpp, line 516]
Event: 67.846 Thread 0x0000027ef5999970 Exception <a 'sun/nio/fs/WindowsException'{0x0000000098e30518}> (0x0000000098e30518) 
thrown [s\src\hotspot\share\prims\jni.cpp, line 516]
Event: 67.854 Thread 0x0000027ef5999970 Exception <a 'sun/nio/fs/WindowsException'{0x0000000098e91fe0}> (0x0000000098e91fe0) 
thrown [s\src\hotspot\share\prims\jni.cpp, line 516]
Event: 67.868 Thread 0x0000027ef5999970 Exception <a 'sun/nio/fs/WindowsException'{0x0000000098de74b8}> (0x0000000098de74b8) 
thrown [s\src\hotspot\share\prims\jni.cpp, line 516]
Event: 67.877 Thread 0x0000027ef5999970 Exception <a 'sun/nio/fs/WindowsException'{0x0000000098c85ef8}> (0x0000000098c85ef8) 
thrown [s\src\hotspot\share\prims\jni.cpp, line 516]
Event: 67.886 Thread 0x0000027ef5999970 Exception <a 'sun/nio/fs/WindowsException'{0x0000000098cd3388}> (0x0000000098cd3388) 
thrown [s\src\hotspot\share\prims\jni.cpp, line 516]
Event: 67.895 Thread 0x0000027ef5999970 Exception <a 'sun/nio/fs/WindowsException'{0x0000000098b43e00}> (0x0000000098b43e00) 
thrown [s\src\hotspot\share\prims\jni.cpp, line 516]
Event: 67.904 Thread 0x0000027ef599c1f0 Exception <a 'sun/nio/fs/WindowsException'{0x0000000098bbb8e8}> (0x0000000098bbb8e8) 
thrown [s\src\hotspot\share\prims\jni.cpp, line 516]

VM Operations (20 events):
Event: 67.397 Executing VM operation: G1CollectForAllocation
Event: 67.402 Executing VM operation: G1CollectForAllocation done
Event: 67.433 Executing VM operation: HandshakeAllThreads
Event: 67.433 Executing VM operation: HandshakeAllThreads done
Event: 67.436 Executing VM operation: HandshakeAllThreads
Event: 67.436 Executing VM operation: HandshakeAllThreads done
Event: 67.824 Executing VM operation: ICBufferFull
Event: 67.824 Executing VM operation: ICBufferFull done
Event: 67.987 Executing VM operation: G1CollectForAllocation
Event: 67.993 Executing VM operation: G1CollectForAllocation done
Event: 68.068 Executing VM operation: HandshakeAllThreads
Event: 68.068 Executing VM operation: HandshakeAllThreads done
Event: 68.068 Executing VM operation: HandshakeAllThreads
Event: 68.068 Executing VM operation: HandshakeAllThreads done
Event: 68.233 Executing VM operation: ICBufferFull
Event: 68.233 Executing VM operation: ICBufferFull done
Event: 68.332 Executing VM operation: G1CollectForAllocation
Event: 68.338 Executing VM operation: G1CollectForAllocation done
Event: 68.478 Executing VM operation: G1CollectForAllocation
Event: 68.484 Executing VM operation: G1CollectForAllocation done

Memory protections (0 events):
No events

Nmethod flushes (20 events):
Event: 64.796 Thread 0x0000027eee25d560 flushing  nmethod 0x0000027ed9a67210
Event: 64.796 Thread 0x0000027eee25d560 flushing  nmethod 0x0000027ed9a6b710
Event: 64.796 Thread 0x0000027eee25d560 flushing  nmethod 0x0000027ed9a6be90
Event: 64.796 Thread 0x0000027eee25d560 flushing  nmethod 0x0000027ed9a6d190
Event: 64.796 Thread 0x0000027eee25d560 flushing  nmethod 0x0000027ed9a6d910
Event: 64.796 Thread 0x0000027eee25d560 flushing  nmethod 0x0000027ed9a6e110
Event: 64.796 Thread 0x0000027eee25d560 flushing  nmethod 0x0000027ed9a6e810
Event: 64.796 Thread 0x0000027eee25d560 flushing  nmethod 0x0000027ed9a6f610
Event: 64.796 Thread 0x0000027eee25d560 flushing  nmethod 0x0000027ed9a6fa90
Event: 64.796 Thread 0x0000027eee25d560 flushing  nmethod 0x0000027ed9a72d90
Event: 64.796 Thread 0x0000027eee25d560 flushing  nmethod 0x0000027ed9a73910
Event: 64.796 Thread 0x0000027eee25d560 flushing  nmethod 0x0000027ed9a75490
Event: 64.796 Thread 0x0000027eee25d560 flushing  nmethod 0x0000027ed9a76390
Event: 64.796 Thread 0x0000027eee25d560 flushing  nmethod 0x0000027ed9a76790
Event: 64.796 Thread 0x0000027eee25d560 flushing  nmethod 0x0000027ed9a76e10
Event: 64.796 Thread 0x0000027eee25d560 flushing  nmethod 0x0000027ed9a77c90
Event: 68.075 Thread 0x0000027eee25d560 flushing  nmethod 0x0000027ee0266910
Event: 68.100 Thread 0x0000027eee25d560 flushing  nmethod 0x0000027ed9879610
Event: 68.101 Thread 0x0000027eee25d560 flushing osr nmethod 0x0000027ed99cc110
Event: 68.101 Thread 0x0000027eee25d560 flushing  nmethod 0x0000027ed99e3a90

Events (20 events):
Event: 51.914 Thread 0x0000027ef36b9790 Thread added: 0x0000027ef4e01120
Event: 51.914 Thread 0x0000027ef36b9790 Thread added: 0x0000027ef4dff2c0
Event: 51.914 Thread 0x0000027ef36b9790 Thread added: 0x0000027ef4e00700
Event: 52.006 Thread 0x0000027eee25cb60 Thread added: 0x0000027ef89bf600
Event: 52.271 Thread 0x0000027ef89bf600 Thread exited: 0x0000027ef89bf600
Event: 52.495 Thread 0x0000027eee25cb60 Thread added: 0x0000027ef89bf600
Event: 52.899 Thread 0x0000027ef89bf600 Thread exited: 0x0000027ef89bf600
Event: 53.779 Thread 0x0000027eee25cb60 Thread added: 0x0000027ef61f8f00
Event: 55.352 Thread 0x0000027ef36b9790 Thread added: 0x0000027ef4e043c0
Event: 55.352 Thread 0x0000027ef36b9790 Thread added: 0x0000027ef4e02a70
Event: 55.352 Thread 0x0000027ef36b9790 Thread added: 0x0000027ef4e02f80
Event: 55.352 Thread 0x0000027ef36b9790 Thread added: 0x0000027ef4e05d10
Event: 56.375 Thread 0x0000027ef61f8f00 Thread exited: 0x0000027ef61f8f00
Event: 56.407 Thread 0x0000027eee25cb60 Thread added: 0x0000027ef64e48c0
Event: 58.643 Thread 0x0000027ef64e48c0 Thread exited: 0x0000027ef64e48c0
Event: 58.690 Thread 0x0000027eee25cb60 Thread added: 0x0000027ef64e48c0
Event: 59.772 Thread 0x0000027ef64e48c0 Thread added: 0x0000027e9b149e90
Event: 62.495 Thread 0x0000027ef49633c0 Thread exited: 0x0000027ef49633c0
Event: 65.036 Thread 0x0000027ef599c1f0 Thread added: 0x0000027efebd4640
Event: 66.842 Thread 0x0000027e9b149e90 Thread exited: 0x0000027e9b149e90


Dynamic libraries:
0x00007ff6d6c70000 - 0x00007ff6d6c7e000 	C:\Program Files\Microsoft\jdk-17.0.13.11-hotspot\bin\java.exe
0x00007ffe49390000 - 0x00007ffe495a7000 	C:\Windows\SYSTEM32\ntdll.dll
0x00007ffe47710000 - 0x00007ffe477d4000 	C:\Windows\System32\KERNEL32.DLL
0x00007ffe469a0000 - 0x00007ffe46d5a000 	C:\Windows\System32\KERNELBASE.dll
0x00007ffe46ed0000 - 0x00007ffe46fe1000 	C:\Windows\System32\ucrtbase.dll
0x00007ffda9d20000 - 0x00007ffda9d3d000 	C:\Program Files\Microsoft\jdk-17.0.13.11-hotspot\bin\VCRUNTIME140.dll
0x00007ffda9d40000 - 0x00007ffda9d57000 	C:\Program Files\Microsoft\jdk-17.0.13.11-hotspot\bin\jli.dll
0x00007ffe47120000 - 0x00007ffe472ce000 	C:\Windows\System32\USER32.dll
0x00007ffe46660000 - 0x00007ffe46686000 	C:\Windows\System32\win32u.dll
0x00007ffe48060000 - 0x00007ffe48089000 	C:\Windows\System32\GDI32.dll
0x00007ffe20b60000 - 0x00007ffe20df2000 	C:\Windows\WinSxS\amd64_microsoft.windows.common-controls_6595b64144ccf1df_6.0.22621.4541_none_2710d1c57384c085\COMCTL32.dll
0x00007ffe46880000 - 0x00007ffe4699b000 	C:\Windows\System32\gdi32full.dll
0x00007ffe46ff0000 - 0x00007ffe4708a000 	C:\Windows\System32\msvcp_win.dll
0x00007ffe47410000 - 0x00007ffe474b7000 	C:\Windows\System32\msvcrt.dll
0x00007ffe476d0000 - 0x00007ffe47701000 	C:\Windows\System32\IMM32.DLL
0x00007ffda9d10000 - 0x00007ffda9d1c000 	C:\Program Files\Microsoft\jdk-17.0.13.11-hotspot\bin\vcruntime140_1.dll
0x00007ffda9c80000 - 0x00007ffda9d0d000 	C:\Program Files\Microsoft\jdk-17.0.13.11-hotspot\bin\msvcp140.dll
0x00007ffda9000000 - 0x00007ffda9c71000 	C:\Program Files\Microsoft\jdk-17.0.13.11-hotspot\bin\server\jvm.dll
0x00007ffe475c0000 - 0x00007ffe47672000 	C:\Windows\System32\ADVAPI32.dll
0x00007ffe492a0000 - 0x00007ffe49347000 	C:\Windows\System32\sechost.dll
0x00007ffe46ea0000 - 0x00007ffe46ec8000 	C:\Windows\System32\bcrypt.dll
0x00007ffe48090000 - 0x00007ffe481a4000 	C:\Windows\System32\RPCRT4.dll
0x00007ffe49220000 - 0x00007ffe49291000 	C:\Windows\System32\WS2_32.dll
0x00007ffe46530000 - 0x00007ffe4657d000 	C:\Windows\SYSTEM32\POWRPROF.dll
0x00007ffe3d990000 - 0x00007ffe3d9c4000 	C:\Windows\SYSTEM32\WINMM.dll
0x00007ffe317d0000 - 0x00007ffe317da000 	C:\Windows\SYSTEM32\VERSION.dll
0x00007ffe46460000 - 0x00007ffe46473000 	C:\Windows\SYSTEM32\UMPDC.dll
0x00007ffe45660000 - 0x00007ffe45678000 	C:\Windows\SYSTEM32\kernel.appcore.dll
0x00007ffda8ff0000 - 0x00007ffda8ffa000 	C:\Program Files\Microsoft\jdk-17.0.13.11-hotspot\bin\jimage.dll
0x00007ffe440e0000 - 0x00007ffe44312000 	C:\Windows\SYSTEM32\DBGHELP.DLL
0x00007ffe485c0000 - 0x00007ffe4894f000 	C:\Windows\System32\combase.dll
0x00007ffe484e0000 - 0x00007ffe485b7000 	C:\Windows\System32\OLEAUT32.dll
0x00007ffe2b6c0000 - 0x00007ffe2b6f2000 	C:\Windows\SYSTEM32\dbgcore.DLL
0x00007ffe46800000 - 0x00007ffe4687b000 	C:\Windows\System32\bcryptPrimitives.dll
0x00007ffda8df0000 - 0x00007ffda8dfe000 	C:\Program Files\Microsoft\jdk-17.0.13.11-hotspot\bin\instrument.dll
0x00007ffda8fc0000 - 0x00007ffda8fe5000 	C:\Program Files\Microsoft\jdk-17.0.13.11-hotspot\bin\java.dll
0x00007ffda8ee0000 - 0x00007ffda8fb7000 	C:\Program Files\Microsoft\jdk-17.0.13.11-hotspot\bin\jsvml.dll
0x00007ffe477e0000 - 0x00007ffe48058000 	C:\Windows\System32\SHELL32.dll
0x00007ffe44550000 - 0x00007ffe44e58000 	C:\Windows\SYSTEM32\windows.storage.dll
0x00007ffe44410000 - 0x00007ffe4454f000 	C:\Windows\SYSTEM32\wintypes.dll
0x00007ffe474c0000 - 0x00007ffe475ba000 	C:\Windows\System32\SHCORE.dll
0x00007ffe48970000 - 0x00007ffe489ce000 	C:\Windows\System32\shlwapi.dll
0x00007ffe46590000 - 0x00007ffe465bb000 	C:\Windows\SYSTEM32\profapi.dll
0x00007ffda8e80000 - 0x00007ffda8e98000 	C:\Program Files\Microsoft\jdk-17.0.13.11-hotspot\bin\zip.dll
0x00007ffda8ec0000 - 0x00007ffda8eda000 	C:\Program Files\Microsoft\jdk-17.0.13.11-hotspot\bin\net.dll
0x00007ffe3f780000 - 0x00007ffe3f8b6000 	C:\Windows\SYSTEM32\WINHTTP.dll
0x00007ffe45ad0000 - 0x00007ffe45b39000 	C:\Windows\system32\mswsock.dll
0x00007ffda8ea0000 - 0x00007ffda8eb6000 	C:\Program Files\Microsoft\jdk-17.0.13.11-hotspot\bin\nio.dll
0x00007ffda8e70000 - 0x00007ffda8e80000 	C:\Program Files\Microsoft\jdk-17.0.13.11-hotspot\bin\verify.dll
0x00007ffda8e40000 - 0x00007ffda8e67000 	C:\Users\hp\.gradle\native\68d5fa5c4cc2d200863cafc0d521ce42e7d3e7ee720ec0a83991735586a16f82\windows-amd64\native-platform.dll
0x00007ffda8ca0000 - 0x00007ffda8de4000 	C:\Users\hp\.gradle\native\e376f236ea51e6404a007f0833ffe2c6e607c4080706a723a18a27aeea778392\windows-amd64\native-platform-file-events.dll
0x00007ffda8e20000 - 0x00007ffda8e2a000 	C:\Program Files\Microsoft\jdk-17.0.13.11-hotspot\bin\management.dll
0x00007ffda8e10000 - 0x00007ffda8e1b000 	C:\Program Files\Microsoft\jdk-17.0.13.11-hotspot\bin\management_ext.dll
0x00007ffe48d80000 - 0x00007ffe48d88000 	C:\Windows\System32\PSAPI.DLL
0x00007ffe45e20000 - 0x00007ffe45e3b000 	C:\Windows\SYSTEM32\CRYPTSP.dll
0x00007ffe455c0000 - 0x00007ffe455f5000 	C:\Windows\system32\rsaenh.dll
0x00007ffe45b70000 - 0x00007ffe45b98000 	C:\Windows\SYSTEM32\USERENV.dll
0x00007ffe45e00000 - 0x00007ffe45e0c000 	C:\Windows\SYSTEM32\CRYPTBASE.dll
0x00007ffe450c0000 - 0x00007ffe450ed000 	C:\Windows\SYSTEM32\IPHLPAPI.DLL
0x00007ffe48360000 - 0x00007ffe48369000 	C:\Windows\System32\NSI.dll
0x00007ffe3f6b0000 - 0x00007ffe3f6c9000 	C:\Windows\SYSTEM32\dhcpcsvc6.DLL
0x00007ffe3f660000 - 0x00007ffe3f67f000 	C:\Windows\SYSTEM32\dhcpcsvc.DLL
0x00007ffe450f0000 - 0x00007ffe451f2000 	C:\Windows\SYSTEM32\DNSAPI.dll
0x00007ffda8e00000 - 0x00007ffda8e09000 	C:\Program Files\Microsoft\jdk-17.0.13.11-hotspot\bin\extnet.dll
0x00007ffda8c40000 - 0x00007ffda8c4e000 	C:\Program Files\Microsoft\jdk-17.0.13.11-hotspot\bin\sunmscapi.dll
0x00007ffe46690000 - 0x00007ffe467f6000 	C:\Windows\System32\CRYPT32.dll
0x00007ffe45f30000 - 0x00007ffe45f5d000 	C:\Windows\SYSTEM32\ncrypt.dll
0x00007ffe45ef0000 - 0x00007ffe45f27000 	C:\Windows\SYSTEM32\NTASN1.dll
0x00007ffe3e6f0000 - 0x00007ffe3e6f8000 	C:\Windows\system32\wshunix.dll
0x00007ffe14ad0000 - 0x00007ffe14ae7000 	C:\Windows\system32\napinsp.dll
0x00007ffe00a70000 - 0x00007ffe00a8b000 	C:\Windows\system32\pnrpnsp.dll
0x00007ffe00a00000 - 0x00007ffe00a11000 	C:\Windows\System32\winrnr.dll
0x00007ffe3bd10000 - 0x00007ffe3bd25000 	C:\Windows\system32\wshbth.dll
0x00007ffe0a5e0000 - 0x00007ffe0a607000 	C:\Windows\system32\nlansp_c.dll
0x00007ffe3f680000 - 0x00007ffe3f68a000 	C:\Windows\System32\rasadhlp.dll
0x00007ffe3c2a0000 - 0x00007ffe3c323000 	C:\Windows\System32\fwpuclnt.dll

dbghelp: loaded successfully - version: 4.0.5 - missing functions: none
symbol engine: initialized successfully - sym options: 0x614 - pdb path: .;C:\Program Files\Microsoft\jdk-17.0.13.11-hotspot\bin;C:\Windows\SYSTEM32;C:\Windows\WinSxS\amd64_microsoft.windows.common-controls_6595b64144ccf1df_6.0.22621.4541_none_2710d1c57384c085;C:\Program Files\Microsoft\jdk-17.0.13.11-hotspot\bin\server;C:\Users\hp\.gradle\native\68d5fa5c4cc2d200863cafc0d521ce42e7d3e7ee720ec0a83991735586a16f82\windows-amd64;C:\Users\hp\.gradle\native\e376f236ea51e6404a007f0833ffe2c6e607c4080706a723a18a27aeea778392\windows-amd64

VM Arguments:
jvm_args: -XX:MaxMetaspaceSize=512m --add-opens=java.base/java.util=ALL-UNNAMED --add-opens=java.base/java.lang=ALL-UNNAMED --add-opens=java.base/java.lang.invoke=ALL-UNNAMED --add-opens=java.prefs/java.util.prefs=ALL-UNNAMED --add-opens=java.base/java.nio.charset=ALL-UNNAMED --add-opens=java.base/java.net=ALL-UNNAMED --add-opens=java.base/java.util.concurrent.atomic=ALL-UNNAMED -Xmx2048m -Dfile.encoding=windows-1252 -Duser.country=IN -Duser.language=en -Duser.variant -javaagent:C:\Users\hp\.gradle\wrapper\dists\gradle-8.3-all\6en3ugtfdg5xnpx44z4qbwgas\gradle-8.3\lib\agents\gradle-instrumentation-agent-8.3.jar 
java_command: org.gradle.launcher.daemon.bootstrap.GradleDaemon 8.3
java_class_path (initial): C:\Users\hp\.gradle\wrapper\dists\gradle-8.3-all\6en3ugtfdg5xnpx44z4qbwgas\gradle-8.3\lib\gradle-launcher-8.3.jar
Launcher Type: SUN_STANDARD

[Global flags]
     intx CICompilerCount                          = 4                                         {product} {ergonomic}
   size_t CompressedClassSpaceSize                 = 436207616                                 {product} {ergonomic}
     uint ConcGCThreads                            = 2                                         {product} {ergonomic}
     uint G1ConcRefinementThreads                  = 8                                         {product} {ergonomic}
   size_t G1HeapRegionSize                         = 1048576                                   {product} {ergonomic}
    uintx GCDrainStackTargetSize                   = 64                                        {product} {ergonomic}
   size_t InitialHeapSize                          = 130023424                                 {product} {ergonomic}
   size_t MarkStackSize                            = 4194304                                   {product} {ergonomic}
   size_t MaxHeapSize                              = 2147483648                                {product} {command line}
   size_t MaxMetaspaceSize                         = 536870912                                 {product} {command line}
   size_t MaxNewSize                               = 1287651328                                {product} {ergonomic}
   size_t MinHeapDeltaBytes                        = 1048576                                   {product} {ergonomic}
   size_t MinHeapSize                              = 8388608                                   {product} {ergonomic}
    uintx NonNMethodCodeHeapSize                   = 5839372                                {pd product} {ergonomic}
    uintx NonProfiledCodeHeapSize                  = 122909434                              {pd product} {ergonomic}
    uintx ProfiledCodeHeapSize                     = 122909434                              {pd product} {ergonomic}
    uintx ReservedCodeCacheSize                    = 251658240                              {pd product} {ergonomic}
     bool SegmentedCodeCache                       = true                                      {product} {ergonomic}
   size_t SoftMaxHeapSize                          = 2147483648                             {manageable} {ergonomic}
     bool UseCompressedClassPointers               = true                           {product lp64_product} {ergonomic}
     bool UseCompressedOops                        = true                           {product lp64_product} {ergonomic}
     bool UseG1GC                                  = true                                      {product} {ergonomic}
     bool UseLargePagesIndividualAllocation        = false                                  {pd product} {ergonomic}

Logging:
Log output configuration:
 #0: stdout all=warning uptime,level,tags
 #1: stderr all=off uptime,level,tags

Environment Variables:
JAVA_HOME=C:\Program Files\Microsoft\jdk-17.0.13.11-hotspot\
CLASSPATH=D:\appinopNew\NLG-main\android\\gradle\wrapper\gradle-wrapper.jar
PATH=D:\appinopNew\NLG-main\node_modules\.bin;D:\appinopNew\NLG-main\node_modules\.bin;D:\appinopNew\node_modules\.bin;D:\node_modules\.bin;C:\Users\hp\AppData\Roaming\npm\node_modules\npm\node_modules\@npmcli\run-script\lib\node-gyp-bin;D:\appinopNew\NLG-main\node_modules\.bin;D:\appinopNew\node_modules\.bin;D:\node_modules\.bin;C:\Users\hp\AppData\Roaming\npm\node_modules\npm\node_modules\@npmcli\run-script\lib\node-gyp-bin;C:\Program Files\Microsoft\jdk-17.0.13.11-hotspot\bin;C:\Program Files\Common Files\Oracle\Java\javapath;C:\Python312\Scripts\;C:\Python312\;C:\Windows\system32;C:\Windows;C:\Windows\System32\Wbem;C:\Windows\System32\WindowsPowerShell\v1.0\;C:\Windows\System32\OpenSSH\;C:\ProgramData\chocolatey\bin;C:\Program Files\Git\cmd;C:\Program Files\nodejs\;C:\Users\hp\AppData\Local\Android\Sdk\platform-tools;C:\Users\hp\.javacpp\cache\javacpp-1.5.9-windows-x86_64.jar\org\bytedeco\javacpp\windows-x86_64;C:\Users\hp\AppData\Local\Programs\Microsoft VS Code\bin;C:\Users\hp\AppData\Roaming\npm;C:\Users\hp\AppData\Local\Android\Sdk\platform-tools;
USERNAME=hp
LANG=en_US.UTF-8
OS=Windows_NT
PROCESSOR_IDENTIFIER=Intel64 Family 6 Model 154 Stepping 4, GenuineIntel
TMP=C:\Users\hp\AppData\Local\Temp
TEMP=C:\Users\hp\AppData\Local\Temp



Periodic native trim disabled


---------------  S Y S T E M  ---------------

OS:
 Windows 11 , 64 bit Build 22621 (10.0.22621.4391)
OS uptime: 0 days 4:39 hours
Hyper-V role detected

CPU: total 8 (initial active 8) (4 cores per cpu, 2 threads per core) family 6 model 154 stepping 4 microcode 0x432, cx8, cmov, fxsr, ht, mmx, 3dnowpref, sse, sse2, sse3, ssse3, sse4.1, sse4.2, popcnt, lzcnt, tsc, tscinvbit, avx, avx2, aes, erms, clmul, bmi1, bmi2, adx, sha, fma, vzeroupper, clflush, clflushopt, clwb, hv
Processor Information for processor 0
  Max Mhz: 1200, Current Mhz: 1200, Mhz Limit: 1200
Processor Information for processor 1
  Max Mhz: 1200, Current Mhz: 1200, Mhz Limit: 1200
Processor Information for processor 2
  Max Mhz: 1200, Current Mhz: 1200, Mhz Limit: 1200
Processor Information for processor 3
  Max Mhz: 1200, Current Mhz: 1200, Mhz Limit: 1200
Processor Information for processor 4
  Max Mhz: 1200, Current Mhz: 900, Mhz Limit: 900
Processor Information for processor 5
  Max Mhz: 1200, Current Mhz: 900, Mhz Limit: 900
Processor Information for processor 6
  Max Mhz: 1200, Current Mhz: 900, Mhz Limit: 900
Processor Information for processor 7
  Max Mhz: 1200, Current Mhz: 900, Mhz Limit: 900

Memory: 4k page, system-wide physical 7865M (442M free)
TotalPageFile size 16606M (AvailPageFile size 3M)
current process WorkingSet (physical memory assigned to process): 565M, peak: 643M
current process commit charge ("private bytes"): 851M, peak: 869M

vm_info: OpenJDK 64-Bit Server VM (17.0.13+11-LTS) for windows-amd64 JRE (17.0.13+11-LTS), built on Oct 11 2024 23:25:05 by "MicrosoftCorporation" with unknown MS VC++:1939

END.
